-- phpMyAdmin SQL Dump
-- version 5.2.1
-- https://www.phpmyadmin.net/
--
-- Host: 127.0.0.1
-- Generation Time: Nov 26, 2023 at 02:55 PM
-- Server version: 10.4.28-MariaDB
-- PHP Version: 8.0.28

SET SQL_MODE = "NO_AUTO_VALUE_ON_ZERO";
START TRANSACTION;
SET time_zone = "+00:00";


/*!40101 SET @OLD_CHARACTER_SET_CLIENT=@@CHARACTER_SET_CLIENT */;
/*!40101 SET @OLD_CHARACTER_SET_RESULTS=@@CHARACTER_SET_RESULTS */;
/*!40101 SET @OLD_COLLATION_CONNECTION=@@COLLATION_CONNECTION */;
/*!40101 SET NAMES utf8mb4 */;

--
-- Database: `cos20031`
--

-- --------------------------------------------------------

--
-- Table structure for table `candidate_profiles`
--

CREATE TABLE `candidate_profiles` (
  `candidate_id` int(11) NOT NULL,
  `user_id` int(11) DEFAULT NULL,
  `full_name` varchar(255) NOT NULL,
  `skill` text DEFAULT NULL,
  `education` text DEFAULT NULL,
  `experience` text DEFAULT NULL,
  `preferred_job` varchar(50) DEFAULT NULL
) ENGINE=InnoDB DEFAULT CHARSET=utf8mb4 COLLATE=utf8mb4_general_ci;

--
-- Dumping data for table `candidate_profiles`
--

INSERT INTO `candidate_profiles` (`candidate_id`, `user_id`, `full_name`, `skill`, `education`, `experience`, `preferred_job`) VALUES
(1, 498, 'Eldredge Trivett', 'Organization', 'College', 'Customer Service Representative', 'Teacher'),
(2, 137, 'Phaedra Hanrott', 'Creativity', 'Graduate School', 'Project Manager', 'Senior Editor'),
(3, 337, 'Kelly Enstone', 'Organization', 'College', 'Graphic Designer', 'Chemical Engineer'),
(4, 59, 'Stearn Moreno', 'Creativity', 'Graduate School', 'Sales Representative', 'Civil Engineer'),
(5, 144, 'Amby MacCaughan', 'Creativity', 'High School', 'Sales Representative', 'Operator'),
(6, 331, 'Lucie Hamlett', 'Communication', 'High School', 'Data Analyst', 'Human Resources Manager'),
(7, 191, 'Irita Robardey', 'Time Management', 'College', 'Graphic Designer', 'General Manager'),
(8, 159, 'Olivie Waeland', 'Decision Making', 'High School', 'Software Engineer', 'Occupational Therapist'),
(9, 21, 'Mil Carnegie', 'Time Management', 'Graduate School', 'Marketing Specialist', 'GIS Technical Architect'),
(10, 498, 'Kiri Beldum', 'Adaptability', 'Graduate School', 'Graphic Designer', 'Financial Advisor'),
(11, 141, 'Tybi Theuff', 'Critical Thinking', 'College', 'Data Analyst', 'Nurse Practicioner'),
(12, 449, 'Minny Glanz', 'Communication', 'College', 'Software Engineer', 'Legal Assistant'),
(13, 281, 'Erminia Reimer', 'Critical Thinking', 'College', 'Administrative Assistant', 'Assistant Media Planner'),
(14, 277, 'Gerrie Douglass', 'Leadership', 'College', 'Graphic Designer', 'Human Resources Manager'),
(15, 415, 'Honor Vaugham', 'Decision Making', 'High School', 'Administrative Assistant', 'Teacher'),
(16, 20, 'Gwyneth Canham', 'Critical Thinking', 'College', 'Customer Service Representative', 'Speech Pathologist'),
(17, 255, 'Lindy Chalfain', 'Decision Making', 'Graduate School', 'Graphic Designer', 'Geologist II'),
(18, 216, 'Fran Dwyr', 'Time Management', 'High School', 'Customer Service Representative', 'Environmental Specialist'),
(19, 210, 'Markos Blaker', 'Critical Thinking', 'College', 'Customer Service Representative', 'Nurse'),
(20, 236, 'Salomone Womack', 'Critical Thinking', 'College', 'Sales Representative', 'Web Designer I'),
(21, 72, 'Kaia Gritton', 'Creativity', 'High School', 'Sales Representative', 'Legal Assistant'),
(22, 453, 'Elianora Paulsen', 'Decision Making', 'High School', 'Sales Representative', 'Human Resources Manager'),
(23, 435, 'Derry Lawlan', 'Teamwork', 'College', 'Project Manager', 'Civil Engineer'),
(24, 299, 'Barbee Mollindinia', 'Creativity', 'Graduate School', 'Sales Representative', 'Senior Sales Associate'),
(25, 24, 'Sidnee Maymond', 'Problem Solving', 'College', 'Customer Service Representative', 'Project Manager'),
(26, 155, 'Leslie Kwiek', 'Problem Solving', 'Graduate School', 'Administrative Assistant', 'Analog Circuit Design manager'),
(27, 225, 'Hephzibah Kohnen', 'Decision Making', 'Graduate School', 'Project Manager', 'Business Systems Development Analyst'),
(28, 95, 'Sallie Edgecumbe', 'Problem Solving', 'High School', 'Project Manager', 'Help Desk Technician'),
(29, 156, 'Ruggiero Plaunch', 'Creativity', 'High School', 'Human Resources Manager', 'Registered Nurse'),
(30, 64, 'Ivan Hughesdon', 'Teamwork', 'College', 'Sales Representative', 'Programmer III'),
(31, 193, 'Darline Freckingham', 'Leadership', 'High School', 'Project Manager', 'Internal Auditor'),
(32, 58, 'Constancia Baines', 'Organization', 'High School', 'Accountant', 'Web Designer I'),
(33, 244, 'Duff Tuffs', 'Time Management', 'College', 'Graphic Designer', 'Quality Control Specialist'),
(34, 37, 'Carly O\'Bradane', 'Adaptability', 'High School', 'Graphic Designer', 'Teacher'),
(35, 158, 'Manuel MacCome', 'Creativity', 'College', 'Graphic Designer', 'Administrative Officer'),
(36, 251, 'Hildegaard Lannin', 'Critical Thinking', 'High School', 'Human Resources Manager', 'Account Representative I'),
(37, 441, 'Arden Kopke', 'Decision Making', 'Graduate School', 'Graphic Designer', 'Help Desk Operator'),
(38, 217, 'Celie Jobke', 'Critical Thinking', 'High School', 'Administrative Assistant', 'Actuary'),
(39, 248, 'Eli Deelay', 'Adaptability', 'High School', 'Software Engineer', 'Desktop Support Technician'),
(40, 82, 'Greer Bushill', 'Organization', 'High School', 'Software Engineer', 'Data Coordinator'),
(41, 155, 'Fifine Pettifor', 'Organization', 'College', 'Project Manager', 'Teacher'),
(42, 263, 'Flora Boribal', 'Critical Thinking', 'College', 'Graphic Designer', 'VP Accounting'),
(43, 350, 'Desmond McGlaughn', 'Organization', 'College', 'Sales Representative', 'VP Marketing'),
(44, 31, 'Aron Mutimer', 'Teamwork', 'High School', 'Administrative Assistant', 'Technical Writer'),
(45, 136, 'Rea Riddall', 'Adaptability', 'High School', 'Software Engineer', 'Research Assistant I'),
(46, 326, 'Clarisse Dalliwatr', 'Teamwork', 'Graduate School', 'Customer Service Representative', 'Product Engineer'),
(47, 432, 'Jany Brignall', 'Time Management', 'Graduate School', 'Data Analyst', 'Junior Executive'),
(48, 9, 'Millisent Andrea', 'Problem Solving', 'High School', 'Sales Representative', 'Operator'),
(49, 496, 'Eleanora Tregent', 'Decision Making', 'High School', 'Data Analyst', 'Design Engineer'),
(50, 50, 'Alena Warsap', 'Decision Making', 'Graduate School', 'Sales Representative', 'Recruiting Manager'),
(51, 136, 'Ardyth Whellans', 'Adaptability', 'Graduate School', 'Marketing Specialist', 'Environmental Tech'),
(52, 498, 'Ivonne Rickard', 'Adaptability', 'High School', 'Marketing Specialist', 'Recruiting Manager'),
(53, 474, 'Genna Wiburn', 'Creativity', 'Graduate School', 'Human Resources Manager', 'Statistician I'),
(54, 258, 'Shelagh Meyer', 'Teamwork', 'Graduate School', 'Project Manager', 'Data Coordinator'),
(55, 158, 'Jose Greetland', 'Decision Making', 'College', 'Software Engineer', 'Systems Administrator III'),
(56, 104, 'Jaquenette Brickhill', 'Leadership', 'Graduate School', 'Customer Service Representative', 'Paralegal'),
(57, 360, 'Nichole Creech', 'Teamwork', 'High School', 'Data Analyst', 'Speech Pathologist'),
(58, 376, 'Rice Jone', 'Time Management', 'High School', 'Software Engineer', 'Health Coach I'),
(59, 413, 'Lucina Willisch', 'Adaptability', 'High School', 'Software Engineer', 'Product Engineer'),
(60, 160, 'Alfons Symonds', 'Critical Thinking', 'High School', 'Project Manager', 'Environmental Tech'),
(61, 256, 'Roseann Johansson', 'Creativity', 'High School', 'Customer Service Representative', 'Civil Engineer'),
(62, 54, 'Darryl Dobbs', 'Creativity', 'Graduate School', 'Software Engineer', 'Help Desk Technician'),
(63, 432, 'Maren Lamartine', 'Leadership', 'Graduate School', 'Data Analyst', 'Human Resources Assistant III'),
(64, 53, 'Latashia Charters', 'Creativity', 'College', 'Customer Service Representative', 'Human Resources Manager'),
(65, 49, 'Windy Hyam', 'Decision Making', 'High School', 'Software Engineer', 'Administrative Officer'),
(66, 176, 'Herrick Bearham', 'Critical Thinking', 'High School', 'Human Resources Manager', 'Staff Scientist'),
(67, 219, 'Augy Grier', 'Decision Making', 'Graduate School', 'Customer Service Representative', 'Computer Systems Analyst IV'),
(68, 187, 'Alison Dooler', 'Adaptability', 'College', 'Human Resources Manager', 'Computer Systems Analyst I'),
(69, 257, 'Zahara Cuddihy', 'Problem Solving', 'High School', 'Sales Representative', 'Technical Writer'),
(70, 73, 'Kali Baxandall', 'Adaptability', 'College', 'Sales Representative', 'Cost Accountant'),
(71, 275, 'Stavros Dunton', 'Communication', 'Graduate School', 'Human Resources Manager', 'Research Associate'),
(72, 354, 'Carolee Tortoishell', 'Problem Solving', 'High School', 'Marketing Specialist', 'Financial Advisor'),
(73, 28, 'Aleksandr Trevers', 'Leadership', 'High School', 'Accountant', 'Media Manager III'),
(74, 51, 'Bette-ann Lyal', 'Decision Making', 'Graduate School', 'Human Resources Manager', 'Food Chemist'),
(75, 451, 'Wilhelmina Jopke', 'Communication', 'College', 'Project Manager', 'Financial Advisor'),
(76, 308, 'Goldie Schubuser', 'Adaptability', 'High School', 'Human Resources Manager', 'Software Consultant'),
(77, 94, 'Kathe O\'Connel', 'Creativity', 'College', 'Sales Representative', 'Quality Engineer'),
(78, 58, 'Warner O\'Caherny', 'Teamwork', 'Graduate School', 'Human Resources Manager', 'Engineer III'),
(79, 450, 'Kirstin Laible', 'Leadership', 'Graduate School', 'Data Analyst', 'Systems Administrator I'),
(80, 469, 'Dani Menis', 'Creativity', 'High School', 'Project Manager', 'Physical Therapy Assistant'),
(81, 275, 'Hestia Frankiewicz', 'Decision Making', 'High School', 'Human Resources Manager', 'Account Executive'),
(82, 140, 'Brynn Boffin', 'Leadership', 'High School', 'Human Resources Manager', 'Staff Scientist'),
(83, 210, 'Karee Dumsday', 'Leadership', 'Graduate School', 'Marketing Specialist', 'Account Coordinator'),
(84, 124, 'Marlane Seymark', 'Teamwork', 'High School', 'Accountant', 'Nurse Practicioner'),
(85, 347, 'Seymour Arons', 'Critical Thinking', 'Graduate School', 'Project Manager', 'Electrical Engineer'),
(86, 365, 'Edithe Benton', 'Critical Thinking', 'College', 'Software Engineer', 'Internal Auditor'),
(87, 70, 'Magdalen Coom', 'Problem Solving', 'High School', 'Data Analyst', 'Media Manager IV'),
(88, 404, 'Amalee Smerdon', 'Creativity', 'High School', 'Graphic Designer', 'Recruiter'),
(89, 354, 'Rodney Hinder', 'Leadership', 'College', 'Accountant', 'Environmental Tech'),
(90, 337, 'Krystal Howroyd', 'Adaptability', 'Graduate School', 'Accountant', 'Systems Administrator IV'),
(91, 328, 'Romeo Milland', 'Leadership', 'Graduate School', 'Software Engineer', 'Geological Engineer'),
(92, 241, 'Doreen Gearty', 'Critical Thinking', 'College', 'Data Analyst', 'Marketing Assistant'),
(93, 476, 'Peria Dalligan', 'Organization', 'Graduate School', 'Administrative Assistant', 'Software Test Engineer I'),
(94, 177, 'Ediva Baxstair', 'Time Management', 'High School', 'Graphic Designer', 'Editor'),
(95, 112, 'Benita Hadlee', 'Problem Solving', 'High School', 'Administrative Assistant', 'Cost Accountant'),
(96, 40, 'Devlen Floris', 'Organization', 'Graduate School', 'Graphic Designer', 'VP Marketing'),
(97, 187, 'Elisabeth Arnoult', 'Leadership', 'College', 'Customer Service Representative', 'Actuary'),
(98, 463, 'Pegeen Shawcross', 'Adaptability', 'Graduate School', 'Data Analyst', 'Sales Representative'),
(99, 395, 'Jamesy Openshaw', 'Decision Making', 'College', 'Accountant', 'Internal Auditor'),
(100, 358, 'Carey Wilcott', 'Adaptability', 'Graduate School', 'Human Resources Manager', 'Assistant Manager'),
(101, 159, 'Rhianna Hasson', 'Critical Thinking', 'College', 'Data Analyst', 'Administrative Assistant I'),
(102, 194, 'Raphaela Goldie', 'Decision Making', 'College', 'Customer Service Representative', 'Programmer Analyst II'),
(103, 473, 'Cathrine Sellor', 'Adaptability', 'College', 'Project Manager', 'Administrative Assistant III'),
(104, 490, 'Arabelle Gemlett', 'Adaptability', 'Graduate School', 'Software Engineer', 'Legal Assistant'),
(105, 382, 'Jewel Ferryman', 'Communication', 'High School', 'Human Resources Manager', 'Programmer Analyst III'),
(106, 4, 'Tabitha Stadding', 'Creativity', 'Graduate School', 'Graphic Designer', 'Product Engineer'),
(107, 36, 'Gardie Canton', 'Critical Thinking', 'Graduate School', 'Sales Representative', 'Internal Auditor'),
(108, 17, 'Vincenty Lafont', 'Leadership', 'High School', 'Accountant', 'Senior Developer'),
(109, 470, 'Gayle Quarles', 'Critical Thinking', 'Graduate School', 'Software Engineer', 'Staff Scientist'),
(110, 354, 'Kay Gillard', 'Adaptability', 'Graduate School', 'Customer Service Representative', 'VP Sales'),
(111, 487, 'Dulcie Shwalbe', 'Decision Making', 'Graduate School', 'Project Manager', 'Account Executive'),
(113, 405, 'Talyah Matzke', 'Creativity', 'Graduate School', 'Project Manager', 'Design Engineer'),
(114, 456, 'Artur Brou', 'Leadership', 'College', 'Project Manager', 'Editor'),
(115, 86, 'Tessi Ickovitz', 'Teamwork', 'Graduate School', 'Marketing Specialist', 'General Manager'),
(116, 82, 'Dniren Phippard', 'Time Management', 'High School', 'Software Engineer', 'Quality Control Specialist'),
(117, 420, 'Sibelle Cuttler', 'Adaptability', 'Graduate School', 'Customer Service Representative', 'Junior Executive'),
(118, 208, 'Gustaf Fairney', 'Leadership', 'College', 'Marketing Specialist', 'Sales Associate'),
(119, 373, 'Trudi Orred', 'Creativity', 'Graduate School', 'Software Engineer', 'Assistant Professor'),
(120, 30, 'Konrad Latour', 'Adaptability', 'Graduate School', 'Project Manager', 'Junior Executive'),
(121, 322, 'Morry Maughan', 'Time Management', 'High School', 'Project Manager', 'Research Associate'),
(122, 377, 'Anestassia Kegan', 'Organization', 'Graduate School', 'Sales Representative', 'Biostatistician II'),
(123, 404, 'Farah Avramovic', 'Creativity', 'College', 'Software Engineer', 'Senior Quality Engineer'),
(124, 459, 'Curcio Perrinchief', 'Problem Solving', 'College', 'Software Engineer', 'Systems Administrator III'),
(125, 358, 'Shanda Coare', 'Problem Solving', 'High School', 'Sales Representative', 'Senior Quality Engineer'),
(126, 71, 'Kean Risbrough', 'Decision Making', 'Graduate School', 'Accountant', 'Systems Administrator II'),
(127, 197, 'Pauly Perrin', 'Leadership', 'Graduate School', 'Customer Service Representative', 'Senior Sales Associate'),
(128, 111, 'Illa Dower', 'Communication', 'Graduate School', 'Software Engineer', 'Actuary'),
(129, 6, 'Harold Crannage', 'Organization', 'Graduate School', 'Accountant', 'Sales Representative'),
(130, 293, 'Dasie Riccioppo', 'Leadership', 'College', 'Marketing Specialist', 'Paralegal'),
(131, 369, 'Lorine Coppledike', 'Decision Making', 'High School', 'Project Manager', 'Recruiting Manager'),
(132, 313, 'Farris Lembcke', 'Communication', 'College', 'Software Engineer', 'Structural Engineer'),
(133, 326, 'Keefe Matts', 'Leadership', 'College', 'Customer Service Representative', 'Geological Engineer'),
(134, 35, 'Mozelle Danielkiewicz', 'Time Management', 'College', 'Data Analyst', 'Civil Engineer'),
(135, 7, 'Rudolf Mille', 'Communication', 'Graduate School', 'Sales Representative', 'Desktop Support Technician'),
(136, 476, 'Blane Mityushin', 'Time Management', 'High School', 'Graphic Designer', 'Assistant Professor'),
(137, 150, 'Allissa Shard', 'Teamwork', 'College', 'Administrative Assistant', 'Database Administrator III'),
(138, 64, 'Norene Laux', 'Decision Making', 'High School', 'Administrative Assistant', 'VP Sales'),
(139, 436, 'Trescha Clardge', 'Communication', 'Graduate School', 'Human Resources Manager', 'Office Assistant II'),
(140, 319, 'Carr Briston', 'Organization', 'High School', 'Data Analyst', 'Senior Editor'),
(141, 447, 'Brear Worsam', 'Leadership', 'High School', 'Customer Service Representative', 'VP Product Management'),
(142, 400, 'Alisa Schwandermann', 'Time Management', 'College', 'Administrative Assistant', 'Human Resources Manager'),
(143, 110, 'Jules Middlewick', 'Leadership', 'College', 'Data Analyst', 'Accounting Assistant II'),
(144, 80, 'Freddy Batram', 'Adaptability', 'College', 'Sales Representative', 'Developer III'),
(145, 491, 'Isidora Ellam', 'Problem Solving', 'Graduate School', 'Graphic Designer', 'Nurse'),
(146, 466, 'Kerk Cottel', 'Leadership', 'College', 'Data Analyst', 'Web Designer I'),
(147, 98, 'Dorrie Fibbit', 'Organization', 'Graduate School', 'Accountant', 'Senior Quality Engineer'),
(148, 258, 'Addia Crebott', 'Organization', 'Graduate School', 'Marketing Specialist', 'Financial Analyst'),
(149, 433, 'Thibaut McGiveen', 'Leadership', 'High School', 'Software Engineer', 'Sales Associate'),
(150, 216, 'Kari Potteridge', 'Creativity', 'College', 'Accountant', 'Editor'),
(151, 339, 'Leroi McGinnell', 'Organization', 'College', 'Administrative Assistant', 'VP Accounting'),
(152, 62, 'Iosep Gowthrop', 'Leadership', 'High School', 'Human Resources Manager', 'Mechanical Systems Engineer'),
(153, 364, 'Pembroke Runsey', 'Adaptability', 'College', 'Accountant', 'Software Engineer I'),
(154, 20, 'Neila Cass', 'Teamwork', 'High School', 'Customer Service Representative', 'Social Worker'),
(155, 248, 'Katlin McIllrick', 'Time Management', 'High School', 'Administrative Assistant', 'Editor'),
(156, 30, 'Karita Denkin', 'Adaptability', 'College', 'Accountant', 'Internal Auditor'),
(157, 431, 'Corbet Gunston', 'Problem Solving', 'High School', 'Project Manager', 'Payment Adjustment Coordinator'),
(158, 379, 'Stephani Levesley', 'Problem Solving', 'College', 'Data Analyst', 'Research Associate'),
(159, 129, 'Helaina Mayworth', 'Problem Solving', 'Graduate School', 'Accountant', 'Systems Administrator III'),
(160, 384, 'Nealon Risdall', 'Decision Making', 'Graduate School', 'Administrative Assistant', 'Geological Engineer'),
(161, 30, 'Murdock Prendergast', 'Teamwork', 'College', 'Project Manager', 'Teacher'),
(162, 254, 'Godiva Georgel', 'Creativity', 'Graduate School', 'Accountant', 'Financial Advisor'),
(163, 141, 'Desiree Whillock', 'Adaptability', 'Graduate School', 'Project Manager', 'Web Designer IV'),
(164, 302, 'Ferris MacQueen', 'Problem Solving', 'College', 'Data Analyst', 'Environmental Specialist'),
(165, 399, 'Nike Cogger', 'Leadership', 'Graduate School', 'Project Manager', 'Staff Accountant II'),
(166, 72, 'Hanna Haddon', 'Creativity', 'Graduate School', 'Graphic Designer', 'Desktop Support Technician'),
(167, 365, 'Mommy Senter', 'Decision Making', 'College', 'Marketing Specialist', 'Statistician III'),
(168, 477, 'Lauri Thridgould', 'Problem Solving', 'Graduate School', 'Marketing Specialist', 'Sales Associate'),
(169, 173, 'Phebe Rosenwasser', 'Critical Thinking', 'College', 'Marketing Specialist', 'Administrative Officer'),
(170, 59, 'Cass Caslake', 'Organization', 'Graduate School', 'Project Manager', 'Legal Assistant'),
(171, 214, 'Wylma O\'Scollain', 'Problem Solving', 'College', 'Customer Service Representative', 'Speech Pathologist'),
(172, 211, 'Orton Bushby', 'Communication', 'High School', 'Marketing Specialist', 'Accountant IV'),
(173, 192, 'Ximenes Goldup', 'Leadership', 'High School', 'Software Engineer', 'Dental Hygienist'),
(174, 426, 'Gran Pearlman', 'Communication', 'High School', 'Graphic Designer', 'Tax Accountant'),
(175, 382, 'Patience Tunny', 'Communication', 'College', 'Data Analyst', 'Tax Accountant'),
(176, 380, 'Antonetta MacRitchie', 'Creativity', 'College', 'Sales Representative', 'Teacher'),
(177, 143, 'Amandy Wolland', 'Leadership', 'College', 'Administrative Assistant', 'Teacher'),
(178, 32, 'Margi Duham', 'Problem Solving', 'College', 'Graphic Designer', 'Structural Analysis Engineer'),
(179, 304, 'Ebony Wimlett', 'Communication', 'College', 'Data Analyst', 'Health Coach IV'),
(180, 140, 'Kennett Eversley', 'Problem Solving', 'High School', 'Marketing Specialist', 'Accountant III'),
(181, 459, 'Alvy Locarno', 'Critical Thinking', 'Graduate School', 'Data Analyst', 'Environmental Specialist'),
(182, 170, 'Tadeo Lortzing', 'Adaptability', 'College', 'Graphic Designer', 'Business Systems Development Analyst'),
(183, 30, 'Shirley Bestall', 'Teamwork', 'High School', 'Customer Service Representative', 'Compensation Analyst'),
(184, 85, 'Morgan Culbert', 'Critical Thinking', 'High School', 'Human Resources Manager', 'Senior Cost Accountant'),
(185, 155, 'Reg Drance', 'Teamwork', 'College', 'Data Analyst', 'Nurse'),
(186, 223, 'Catherine Kingsnod', 'Communication', 'College', 'Marketing Specialist', 'Computer Systems Analyst IV'),
(187, 297, 'Jordan Shead', 'Creativity', 'Graduate School', 'Customer Service Representative', 'Automation Specialist I'),
(188, 400, 'Emlyn Mahedy', 'Leadership', 'Graduate School', 'Human Resources Manager', 'Payment Adjustment Coordinator'),
(189, 301, 'Margaret Shinton', 'Organization', 'High School', 'Human Resources Manager', 'Librarian'),
(190, 232, 'Pall Kembery', 'Communication', 'Graduate School', 'Customer Service Representative', 'Technical Writer'),
(191, 348, 'Anastasie Heady', 'Communication', 'Graduate School', 'Accountant', 'Speech Pathologist'),
(192, 365, 'Tracey Geikie', 'Adaptability', 'High School', 'Graphic Designer', 'Senior Cost Accountant'),
(193, 66, 'Petunia Peachment', 'Problem Solving', 'Graduate School', 'Sales Representative', 'VP Marketing'),
(194, 189, 'Siobhan Parres', 'Creativity', 'High School', 'Customer Service Representative', 'Professor'),
(195, 202, 'Keary Bouldstridge', 'Time Management', 'College', 'Software Engineer', 'Programmer Analyst III'),
(196, 491, 'Willyt Corkill', 'Leadership', 'College', 'Accountant', 'Technical Writer'),
(197, 158, 'Tulley Bezley', 'Time Management', 'Graduate School', 'Graphic Designer', 'Health Coach III'),
(198, 196, 'Ralina Havis', 'Decision Making', 'Graduate School', 'Customer Service Representative', 'Account Representative III'),
(199, 131, 'Kelley Yakob', 'Teamwork', 'College', 'Accountant', 'Web Designer IV'),
(200, 133, 'Andy Grafhom', 'Creativity', 'Graduate School', 'Marketing Specialist', 'Account Representative III');

-- --------------------------------------------------------

--
-- Table structure for table `certificates`
--

CREATE TABLE `certificates` (
  `certificate_id` int(11) NOT NULL,
  `certificate_name` varchar(255) NOT NULL,
  `description` text DEFAULT NULL,
  `issuing_authority` varchar(255) DEFAULT NULL,
  `validity_period` int(11) DEFAULT NULL
) ENGINE=InnoDB DEFAULT CHARSET=utf8mb4 COLLATE=utf8mb4_general_ci;

--
-- Dumping data for table `certificates`
--

INSERT INTO `certificates` (`certificate_id`, `certificate_name`, `description`, `issuing_authority`, `validity_period`) VALUES
(1, 'Certificate of Recognition', 'Normal', 'DMV', 2),
(2, 'Certificate of Recognition', 'Excellence', 'State ID Office', 5),
(3, 'Certificate of Completion', 'Normal', 'County Clerk', 3),
(4, 'Certificate of Completion', 'Excellence', 'County Clerk', 3),
(5, 'Certificate of Achievement', 'Normal', 'Department of Motor Vehicles', 3),
(6, 'Certificate of Merit', 'Good', 'Federal Aviation Administration', 3),
(7, 'Certificate of Merit', 'Bad', 'DMV', 2),
(8, 'Certificate of Merit', 'Good', 'DMV', 2),
(9, 'Certificate of Excellence', 'Bad', 'Passport Agency', 2),
(10, 'Certificate of Merit', 'Bad', 'State ID Office', 5),
(11, 'Certificate of Excellence', 'Excellence', 'State ID Office', 4),
(12, 'Certificate of Completion', 'Bad', 'Passport Agency', 2),
(13, 'Certificate of Excellence', 'Good', 'Passport Agency', 2),
(14, 'Certificate of Completion', 'Bad', 'Department of Motor Vehicles', 2),
(15, 'Certificate of Merit', 'Bad', 'Immigration Office', 5),
(16, 'Certificate of Merit', 'Normal', 'Customs and Border Protection', 2),
(17, 'Certificate of Excellence', 'Excellence', 'Department of Motor Vehicles', 3),
(18, 'Certificate of Recognition', 'Good', 'DMV', 5),
(19, 'Certificate of Excellence', 'Good', 'Transportation Security Administration', 4),
(20, 'Certificate of Excellence', 'Bad', 'Department of Motor Vehicles', 2),
(21, 'Certificate of Recognition', 'Good', 'County Clerk', 5),
(22, 'Certificate of Completion', 'Bad', 'DMV', 2),
(23, 'Certificate of Excellence', 'Normal', 'County Clerk', 5),
(24, 'Certificate of Achievement', 'Good', 'Federal Aviation Administration', 5),
(25, 'Certificate of Recognition', 'Bad', 'Immigration Office', 2),
(26, 'Certificate of Completion', 'Good', 'Social Security Administration', 4),
(27, 'Certificate of Achievement', 'Normal', 'Customs and Border Protection', 3),
(28, 'Certificate of Achievement', 'Normal', 'Department of Motor Vehicles', 2),
(29, 'Certificate of Completion', 'Normal', 'Transportation Security Administration', 2),
(30, 'Certificate of Excellence', 'Excellence', 'Immigration Office', 2),
(31, 'Certificate of Achievement', 'Normal', 'Department of Motor Vehicles', 2),
(32, 'Certificate of Achievement', 'Excellence', 'County Clerk', 5),
(33, 'Certificate of Completion', 'Bad', 'DMV', 2),
(34, 'Certificate of Completion', 'Normal', 'DMV', 3),
(35, 'Certificate of Excellence', 'Normal', 'Social Security Administration', 2),
(36, 'Certificate of Completion', 'Excellence', 'Passport Agency', 4),
(37, 'Certificate of Merit', 'Excellence', 'Customs and Border Protection', 4),
(38, 'Certificate of Achievement', 'Good', 'DMV', 3),
(39, 'Certificate of Recognition', 'Excellence', 'Passport Agency', 2),
(40, 'Certificate of Excellence', 'Good', 'County Clerk', 3),
(41, 'Certificate of Completion', 'Normal', 'Social Security Administration', 3),
(42, 'Certificate of Recognition', 'Normal', 'County Clerk', 2),
(43, 'Certificate of Achievement', 'Bad', 'Transportation Security Administration', 3),
(44, 'Certificate of Recognition', 'Bad', 'Federal Aviation Administration', 4),
(45, 'Certificate of Completion', 'Normal', 'Transportation Security Administration', 5),
(46, 'Certificate of Recognition', 'Excellence', 'Immigration Office', 2),
(47, 'Certificate of Recognition', 'Bad', 'Customs and Border Protection', 3),
(48, 'Certificate of Excellence', 'Excellence', 'DMV', 4),
(49, 'Certificate of Recognition', 'Good', 'Department of Motor Vehicles', 5),
(50, 'Certificate of Achievement', 'Good', 'Social Security Administration', 2),
(51, 'Certificate of Merit', 'Good', 'Passport Agency', 3),
(52, 'Certificate of Completion', 'Excellence', 'Transportation Security Administration', 5),
(53, 'Certificate of Merit', 'Normal', 'Federal Aviation Administration', 3),
(54, 'Certificate of Excellence', 'Bad', 'DMV', 4),
(55, 'Certificate of Recognition', 'Bad', 'Social Security Administration', 4),
(56, 'Certificate of Achievement', 'Good', 'Customs and Border Protection', 5),
(57, 'Certificate of Merit', 'Excellence', 'Department of Motor Vehicles', 5),
(58, 'Certificate of Completion', 'Normal', 'County Clerk', 4),
(59, 'Certificate of Recognition', 'Bad', 'Department of Motor Vehicles', 5),
(60, 'Certificate of Excellence', 'Bad', 'DMV', 2),
(61, 'Certificate of Completion', 'Good', 'Social Security Administration', 3),
(62, 'Certificate of Achievement', 'Excellence', 'Department of Motor Vehicles', 3),
(63, 'Certificate of Recognition', 'Bad', 'Passport Agency', 5),
(64, 'Certificate of Excellence', 'Good', 'State ID Office', 4),
(65, 'Certificate of Completion', 'Excellence', 'Passport Agency', 5),
(66, 'Certificate of Achievement', 'Normal', 'Federal Aviation Administration', 4),
(67, 'Certificate of Merit', 'Normal', 'State ID Office', 5),
(68, 'Certificate of Recognition', 'Bad', 'County Clerk', 5),
(69, 'Certificate of Completion', 'Normal', 'State ID Office', 4),
(70, 'Certificate of Recognition', 'Normal', 'State ID Office', 2),
(71, 'Certificate of Achievement', 'Normal', 'Customs and Border Protection', 5),
(72, 'Certificate of Completion', 'Normal', 'Social Security Administration', 5),
(73, 'Certificate of Recognition', 'Bad', 'Immigration Office', 5),
(74, 'Certificate of Completion', 'Bad', 'Customs and Border Protection', 5),
(75, 'Certificate of Merit', 'Excellence', 'Customs and Border Protection', 5),
(76, 'Certificate of Merit', 'Normal', 'Passport Agency', 4),
(77, 'Certificate of Completion', 'Good', 'Passport Agency', 4),
(78, 'Certificate of Merit', 'Normal', 'Federal Aviation Administration', 4),
(79, 'Certificate of Achievement', 'Good', 'Social Security Administration', 5),
(80, 'Certificate of Excellence', 'Bad', 'Department of Motor Vehicles', 5),
(81, 'Certificate of Recognition', 'Excellence', 'Federal Aviation Administration', 3),
(82, 'Certificate of Recognition', 'Normal', 'Federal Aviation Administration', 2),
(83, 'Certificate of Achievement', 'Excellence', 'Social Security Administration', 5),
(84, 'Certificate of Completion', 'Good', 'Immigration Office', 4),
(85, 'Certificate of Merit', 'Excellence', 'Customs and Border Protection', 3),
(86, 'Certificate of Completion', 'Excellence', 'Customs and Border Protection', 5),
(87, 'Certificate of Completion', 'Good', 'Federal Aviation Administration', 2),
(88, 'Certificate of Achievement', 'Bad', 'County Clerk', 4),
(89, 'Certificate of Excellence', 'Bad', 'Passport Agency', 3),
(90, 'Certificate of Recognition', 'Normal', 'Transportation Security Administration', 4),
(91, 'Certificate of Completion', 'Good', 'Immigration Office', 3),
(92, 'Certificate of Recognition', 'Excellence', 'County Clerk', 2),
(93, 'Certificate of Excellence', 'Normal', 'Federal Aviation Administration', 5),
(94, 'Certificate of Recognition', 'Normal', 'Transportation Security Administration', 2),
(95, 'Certificate of Excellence', 'Excellence', 'State ID Office', 3),
(96, 'Certificate of Completion', 'Excellence', 'Transportation Security Administration', 5),
(97, 'Certificate of Achievement', 'Good', 'Customs and Border Protection', 3),
(98, 'Certificate of Recognition', 'Good', 'State ID Office', 4),
(99, 'Certificate of Recognition', 'Good', 'State ID Office', 4),
(100, 'Certificate of Achievement', 'Bad', 'Immigration Office', 3),
(101, 'Certificate of Achievement', 'Normal', 'Social Security Administration', 4),
(102, 'Certificate of Recognition', 'Bad', 'Federal Aviation Administration', 5),
(103, 'Certificate of Completion', 'Normal', 'Department of Motor Vehicles', 5),
(104, 'Certificate of Completion', 'Normal', 'DMV', 5),
(105, 'Certificate of Recognition', 'Normal', 'Department of Motor Vehicles', 2),
(106, 'Certificate of Merit', 'Bad', 'State ID Office', 3),
(107, 'Certificate of Achievement', 'Normal', 'Passport Agency', 4),
(108, 'Certificate of Achievement', 'Good', 'County Clerk', 2),
(109, 'Certificate of Achievement', 'Excellence', 'Customs and Border Protection', 5),
(110, 'Certificate of Achievement', 'Good', 'DMV', 4),
(111, 'Certificate of Merit', 'Bad', 'Federal Aviation Administration', 3),
(112, 'Certificate of Achievement', 'Excellence', 'Immigration Office', 2),
(113, 'Certificate of Merit', 'Excellence', 'Transportation Security Administration', 5),
(114, 'Certificate of Merit', 'Normal', 'Customs and Border Protection', 4),
(115, 'Certificate of Merit', 'Good', 'Customs and Border Protection', 3),
(116, 'Certificate of Completion', 'Bad', 'State ID Office', 3),
(117, 'Certificate of Merit', 'Excellence', 'Federal Aviation Administration', 5),
(118, 'Certificate of Achievement', 'Excellence', 'Transportation Security Administration', 3),
(119, 'Certificate of Excellence', 'Excellence', 'Social Security Administration', 5),
(120, 'Certificate of Merit', 'Excellence', 'Immigration Office', 2),
(121, 'Certificate of Achievement', 'Bad', 'Passport Agency', 3),
(122, 'Certificate of Recognition', 'Excellence', 'Passport Agency', 2),
(123, 'Certificate of Achievement', 'Excellence', 'Federal Aviation Administration', 5),
(124, 'Certificate of Achievement', 'Normal', 'Immigration Office', 3),
(125, 'Certificate of Achievement', 'Bad', 'Social Security Administration', 5),
(126, 'Certificate of Excellence', 'Bad', 'Social Security Administration', 5),
(127, 'Certificate of Excellence', 'Good', 'DMV', 2),
(128, 'Certificate of Recognition', 'Bad', 'DMV', 3),
(129, 'Certificate of Merit', 'Bad', 'Social Security Administration', 4),
(130, 'Certificate of Completion', 'Bad', 'DMV', 4),
(131, 'Certificate of Completion', 'Normal', 'Transportation Security Administration', 3),
(132, 'Certificate of Achievement', 'Normal', 'Customs and Border Protection', 5),
(133, 'Certificate of Merit', 'Good', 'Federal Aviation Administration', 3),
(134, 'Certificate of Achievement', 'Bad', 'Passport Agency', 2),
(135, 'Certificate of Completion', 'Good', 'Immigration Office', 5),
(136, 'Certificate of Achievement', 'Good', 'State ID Office', 4),
(137, 'Certificate of Excellence', 'Bad', 'Passport Agency', 5),
(138, 'Certificate of Achievement', 'Bad', 'Immigration Office', 5),
(139, 'Certificate of Completion', 'Bad', 'Social Security Administration', 5),
(140, 'Certificate of Excellence', 'Good', 'Immigration Office', 2),
(141, 'Certificate of Completion', 'Normal', 'Social Security Administration', 2),
(142, 'Certificate of Recognition', 'Good', 'Department of Motor Vehicles', 4),
(143, 'Certificate of Excellence', 'Good', 'Immigration Office', 5),
(144, 'Certificate of Achievement', 'Excellence', 'DMV', 4),
(145, 'Certificate of Recognition', 'Bad', 'Transportation Security Administration', 4),
(146, 'Certificate of Excellence', 'Bad', 'Federal Aviation Administration', 5),
(147, 'Certificate of Merit', 'Bad', 'Transportation Security Administration', 2),
(148, 'Certificate of Merit', 'Bad', 'Transportation Security Administration', 5),
(149, 'Certificate of Excellence', 'Good', 'County Clerk', 2),
(150, 'Certificate of Excellence', 'Bad', 'State ID Office', 5),
(151, 'Certificate of Merit', 'Normal', 'State ID Office', 3),
(152, 'Certificate of Completion', 'Good', 'Immigration Office', 5),
(153, 'Certificate of Completion', 'Excellence', 'Transportation Security Administration', 5),
(154, 'Certificate of Recognition', 'Normal', 'DMV', 3),
(155, 'Certificate of Excellence', 'Normal', 'Social Security Administration', 5),
(156, 'Certificate of Recognition', 'Normal', 'Social Security Administration', 4),
(157, 'Certificate of Recognition', 'Normal', 'Federal Aviation Administration', 4),
(158, 'Certificate of Achievement', 'Excellence', 'Immigration Office', 5),
(159, 'Certificate of Recognition', 'Good', 'DMV', 2),
(160, 'Certificate of Completion', 'Excellence', 'Passport Agency', 3),
(161, 'Certificate of Achievement', 'Bad', 'Social Security Administration', 5),
(162, 'Certificate of Completion', 'Bad', 'Social Security Administration', 5),
(163, 'Certificate of Excellence', 'Excellence', 'DMV', 5),
(164, 'Certificate of Completion', 'Normal', 'Federal Aviation Administration', 5),
(165, 'Certificate of Completion', 'Good', 'Customs and Border Protection', 5),
(166, 'Certificate of Merit', 'Excellence', 'Social Security Administration', 3),
(167, 'Certificate of Achievement', 'Normal', 'Passport Agency', 4),
(168, 'Certificate of Merit', 'Bad', 'Transportation Security Administration', 2),
(169, 'Certificate of Completion', 'Bad', 'DMV', 4),
(170, 'Certificate of Achievement', 'Good', 'Transportation Security Administration', 5),
(171, 'Certificate of Recognition', 'Excellence', 'Transportation Security Administration', 4),
(172, 'Certificate of Recognition', 'Excellence', 'Passport Agency', 4),
(173, 'Certificate of Achievement', 'Normal', 'Passport Agency', 5),
(174, 'Certificate of Excellence', 'Excellence', 'County Clerk', 4),
(175, 'Certificate of Achievement', 'Excellence', 'Federal Aviation Administration', 3),
(176, 'Certificate of Merit', 'Good', 'Customs and Border Protection', 2),
(177, 'Certificate of Completion', 'Normal', 'County Clerk', 2),
(178, 'Certificate of Merit', 'Excellence', 'DMV', 3),
(179, 'Certificate of Recognition', 'Good', 'Customs and Border Protection', 5),
(180, 'Certificate of Merit', 'Good', 'Department of Motor Vehicles', 3),
(181, 'Certificate of Completion', 'Bad', 'Transportation Security Administration', 4),
(182, 'Certificate of Completion', 'Bad', 'Department of Motor Vehicles', 5),
(183, 'Certificate of Merit', 'Good', 'State ID Office', 2),
(184, 'Certificate of Merit', 'Good', 'Passport Agency', 3),
(185, 'Certificate of Recognition', 'Bad', 'Passport Agency', 5),
(186, 'Certificate of Achievement', 'Good', 'Immigration Office', 2),
(187, 'Certificate of Excellence', 'Bad', 'Transportation Security Administration', 2),
(188, 'Certificate of Recognition', 'Bad', 'Social Security Administration', 5),
(189, 'Certificate of Recognition', 'Good', 'Passport Agency', 3),
(190, 'Certificate of Merit', 'Bad', 'Department of Motor Vehicles', 5),
(191, 'Certificate of Completion', 'Good', 'Passport Agency', 5),
(192, 'Certificate of Recognition', 'Bad', 'DMV', 3),
(193, 'Certificate of Excellence', 'Good', 'Customs and Border Protection', 5),
(194, 'Certificate of Merit', 'Excellence', 'Customs and Border Protection', 4),
(195, 'Certificate of Achievement', 'Excellence', 'Department of Motor Vehicles', 5),
(196, 'Certificate of Excellence', 'Bad', 'Department of Motor Vehicles', 5),
(197, 'Certificate of Excellence', 'Good', 'Passport Agency', 3),
(198, 'Certificate of Achievement', 'Good', 'Federal Aviation Administration', 3),
(199, 'Certificate of Completion', 'Normal', 'County Clerk', 5),
(200, 'Certificate of Recognition', 'Good', 'Federal Aviation Administration', 3),
(201, 'Certificate of Merit', 'Bad', 'County Clerk', 2),
(202, 'Certificate of Recognition', 'Normal', 'State ID Office', 5),
(203, 'Certificate of Excellence', 'Excellence', 'Immigration Office', 4),
(204, 'Certificate of Merit', 'Good', 'Transportation Security Administration', 2),
(205, 'Certificate of Completion', 'Good', 'Social Security Administration', 2),
(206, 'Certificate of Excellence', 'Normal', 'Passport Agency', 4),
(207, 'Certificate of Recognition', 'Good', 'Customs and Border Protection', 4),
(208, 'Certificate of Merit', 'Normal', 'State ID Office', 4),
(209, 'Certificate of Completion', 'Bad', 'Transportation Security Administration', 4),
(210, 'Certificate of Achievement', 'Excellence', 'Department of Motor Vehicles', 2),
(211, 'Certificate of Achievement', 'Normal', 'State ID Office', 3),
(212, 'Certificate of Excellence', 'Bad', 'Immigration Office', 2),
(213, 'Certificate of Achievement', 'Good', 'DMV', 5),
(214, 'Certificate of Recognition', 'Bad', 'Customs and Border Protection', 3),
(215, 'Certificate of Merit', 'Excellence', 'State ID Office', 3),
(216, 'Certificate of Completion', 'Normal', 'Federal Aviation Administration', 2),
(217, 'Certificate of Achievement', 'Normal', 'Immigration Office', 4),
(218, 'Certificate of Completion', 'Good', 'Department of Motor Vehicles', 4),
(219, 'Certificate of Completion', 'Excellence', 'State ID Office', 3),
(220, 'Certificate of Completion', 'Normal', 'State ID Office', 4),
(221, 'Certificate of Achievement', 'Normal', 'Passport Agency', 3),
(222, 'Certificate of Completion', 'Good', 'Immigration Office', 2),
(223, 'Certificate of Recognition', 'Normal', 'Customs and Border Protection', 4),
(224, 'Certificate of Merit', 'Excellence', 'Immigration Office', 4),
(225, 'Certificate of Recognition', 'Normal', 'Federal Aviation Administration', 3),
(226, 'Certificate of Completion', 'Normal', 'Social Security Administration', 5),
(227, 'Certificate of Achievement', 'Bad', 'Passport Agency', 3),
(228, 'Certificate of Merit', 'Good', 'Immigration Office', 2),
(229, 'Certificate of Completion', 'Good', 'Customs and Border Protection', 5),
(230, 'Certificate of Merit', 'Normal', 'DMV', 3),
(231, 'Certificate of Completion', 'Good', 'Social Security Administration', 3),
(232, 'Certificate of Merit', 'Excellence', 'State ID Office', 3),
(233, 'Certificate of Excellence', 'Bad', 'County Clerk', 2),
(234, 'Certificate of Achievement', 'Excellence', 'Social Security Administration', 4),
(235, 'Certificate of Excellence', 'Excellence', 'DMV', 2),
(236, 'Certificate of Completion', 'Normal', 'Department of Motor Vehicles', 4),
(237, 'Certificate of Merit', 'Bad', 'Federal Aviation Administration', 2),
(238, 'Certificate of Recognition', 'Bad', 'Department of Motor Vehicles', 3),
(239, 'Certificate of Achievement', 'Normal', 'Immigration Office', 5),
(240, 'Certificate of Achievement', 'Excellence', 'County Clerk', 3),
(241, 'Certificate of Merit', 'Good', 'Department of Motor Vehicles', 4),
(242, 'Certificate of Recognition', 'Bad', 'Social Security Administration', 5),
(243, 'Certificate of Merit', 'Normal', 'County Clerk', 2),
(244, 'Certificate of Merit', 'Good', 'Federal Aviation Administration', 5),
(245, 'Certificate of Merit', 'Good', 'Social Security Administration', 3),
(246, 'Certificate of Excellence', 'Bad', 'DMV', 5),
(247, 'Certificate of Merit', 'Bad', 'Federal Aviation Administration', 5),
(248, 'Certificate of Achievement', 'Normal', 'Department of Motor Vehicles', 5),
(249, 'Certificate of Recognition', 'Excellence', 'Department of Motor Vehicles', 3),
(250, 'Certificate of Excellence', 'Normal', 'DMV', 4),
(251, 'Certificate of Merit', 'Good', 'Customs and Border Protection', 3),
(252, 'Certificate of Achievement', 'Normal', 'Immigration Office', 5),
(253, 'Certificate of Completion', 'Bad', 'Immigration Office', 2),
(254, 'Certificate of Completion', 'Excellence', 'Federal Aviation Administration', 5),
(255, 'Certificate of Recognition', 'Normal', 'DMV', 5),
(256, 'Certificate of Excellence', 'Excellence', 'Transportation Security Administration', 3),
(257, 'Certificate of Recognition', 'Bad', 'State ID Office', 3),
(258, 'Certificate of Completion', 'Good', 'DMV', 2),
(259, 'Certificate of Recognition', 'Normal', 'Passport Agency', 2),
(260, 'Certificate of Merit', 'Excellence', 'Federal Aviation Administration', 3),
(261, 'Certificate of Completion', 'Excellence', 'Transportation Security Administration', 5),
(262, 'Certificate of Merit', 'Excellence', 'Immigration Office', 4),
(263, 'Certificate of Achievement', 'Good', 'State ID Office', 4),
(264, 'Certificate of Achievement', 'Excellence', 'Social Security Administration', 3),
(265, 'Certificate of Excellence', 'Good', 'Passport Agency', 5),
(266, 'Certificate of Completion', 'Bad', 'Transportation Security Administration', 4),
(267, 'Certificate of Achievement', 'Excellence', 'Immigration Office', 2),
(268, 'Certificate of Recognition', 'Bad', 'Social Security Administration', 3),
(269, 'Certificate of Merit', 'Bad', 'Customs and Border Protection', 2),
(270, 'Certificate of Recognition', 'Excellence', 'Federal Aviation Administration', 3),
(271, 'Certificate of Recognition', 'Bad', 'State ID Office', 3),
(272, 'Certificate of Completion', 'Normal', 'Federal Aviation Administration', 4),
(273, 'Certificate of Excellence', 'Normal', 'Immigration Office', 3),
(274, 'Certificate of Achievement', 'Good', 'Social Security Administration', 5),
(275, 'Certificate of Achievement', 'Normal', 'State ID Office', 5),
(276, 'Certificate of Completion', 'Excellence', 'Federal Aviation Administration', 4),
(277, 'Certificate of Excellence', 'Excellence', 'Immigration Office', 5),
(278, 'Certificate of Completion', 'Excellence', 'Department of Motor Vehicles', 5),
(279, 'Certificate of Achievement', 'Normal', 'DMV', 4),
(280, 'Certificate of Merit', 'Bad', 'Passport Agency', 2),
(281, 'Certificate of Achievement', 'Excellence', 'County Clerk', 3),
(282, 'Certificate of Recognition', 'Bad', 'DMV', 2),
(283, 'Certificate of Merit', 'Bad', 'Customs and Border Protection', 5),
(284, 'Certificate of Achievement', 'Normal', 'State ID Office', 2),
(285, 'Certificate of Excellence', 'Normal', 'Social Security Administration', 5),
(286, 'Certificate of Achievement', 'Normal', 'State ID Office', 5),
(287, 'Certificate of Recognition', 'Excellence', 'Passport Agency', 3),
(288, 'Certificate of Merit', 'Good', 'Passport Agency', 2),
(289, 'Certificate of Completion', 'Excellence', 'Passport Agency', 3),
(290, 'Certificate of Excellence', 'Excellence', 'County Clerk', 2),
(291, 'Certificate of Completion', 'Bad', 'State ID Office', 4),
(292, 'Certificate of Achievement', 'Excellence', 'Social Security Administration', 4),
(293, 'Certificate of Achievement', 'Excellence', 'Passport Agency', 3),
(294, 'Certificate of Excellence', 'Normal', 'Customs and Border Protection', 3),
(295, 'Certificate of Achievement', 'Good', 'Passport Agency', 5),
(296, 'Certificate of Recognition', 'Good', 'Social Security Administration', 4),
(297, 'Certificate of Merit', 'Bad', 'Social Security Administration', 5),
(298, 'Certificate of Recognition', 'Excellence', 'Customs and Border Protection', 2),
(299, 'Certificate of Achievement', 'Excellence', 'Passport Agency', 2),
(300, 'Certificate of Achievement', 'Normal', 'Customs and Border Protection', 2),
(301, 'Certificate of Excellence', 'Excellence', 'Customs and Border Protection', 4),
(302, 'Certificate of Achievement', 'Normal', 'Department of Motor Vehicles', 4),
(303, 'Certificate of Merit', 'Good', 'State ID Office', 3),
(304, 'Certificate of Recognition', 'Excellence', 'Transportation Security Administration', 4),
(305, 'Certificate of Merit', 'Excellence', 'State ID Office', 4),
(306, 'Certificate of Excellence', 'Normal', 'State ID Office', 5),
(307, 'Certificate of Achievement', 'Excellence', 'Customs and Border Protection', 2),
(308, 'Certificate of Excellence', 'Good', 'Federal Aviation Administration', 2),
(309, 'Certificate of Completion', 'Normal', 'Transportation Security Administration', 5),
(310, 'Certificate of Completion', 'Bad', 'Transportation Security Administration', 2),
(311, 'Certificate of Completion', 'Good', 'Customs and Border Protection', 5),
(312, 'Certificate of Excellence', 'Normal', 'Transportation Security Administration', 4),
(313, 'Certificate of Merit', 'Normal', 'Transportation Security Administration', 3),
(314, 'Certificate of Excellence', 'Normal', 'Social Security Administration', 3),
(315, 'Certificate of Merit', 'Normal', 'Transportation Security Administration', 2),
(316, 'Certificate of Recognition', 'Bad', 'Social Security Administration', 5),
(317, 'Certificate of Recognition', 'Excellence', 'Immigration Office', 4),
(318, 'Certificate of Merit', 'Good', 'Transportation Security Administration', 5),
(319, 'Certificate of Completion', 'Good', 'Social Security Administration', 2),
(320, 'Certificate of Achievement', 'Excellence', 'Federal Aviation Administration', 5),
(321, 'Certificate of Excellence', 'Excellence', 'Social Security Administration', 5),
(322, 'Certificate of Excellence', 'Normal', 'Passport Agency', 5),
(323, 'Certificate of Excellence', 'Excellence', 'Customs and Border Protection', 3),
(324, 'Certificate of Merit', 'Excellence', 'Passport Agency', 2),
(325, 'Certificate of Merit', 'Excellence', 'County Clerk', 3),
(326, 'Certificate of Achievement', 'Good', 'Customs and Border Protection', 2),
(327, 'Certificate of Excellence', 'Bad', 'Transportation Security Administration', 3),
(328, 'Certificate of Achievement', 'Normal', 'Customs and Border Protection', 3),
(329, 'Certificate of Excellence', 'Excellence', 'State ID Office', 5),
(330, 'Certificate of Achievement', 'Normal', 'Immigration Office', 2),
(331, 'Certificate of Completion', 'Bad', 'Immigration Office', 5),
(332, 'Certificate of Achievement', 'Normal', 'Department of Motor Vehicles', 2),
(333, 'Certificate of Excellence', 'Excellence', 'DMV', 3),
(334, 'Certificate of Excellence', 'Normal', 'State ID Office', 5),
(335, 'Certificate of Achievement', 'Good', 'Transportation Security Administration', 3),
(336, 'Certificate of Excellence', 'Normal', 'Immigration Office', 3),
(337, 'Certificate of Achievement', 'Normal', 'Immigration Office', 5),
(338, 'Certificate of Merit', 'Normal', 'Immigration Office', 3),
(339, 'Certificate of Merit', 'Good', 'Social Security Administration', 3),
(340, 'Certificate of Achievement', 'Excellence', 'Immigration Office', 3),
(341, 'Certificate of Excellence', 'Excellence', 'Passport Agency', 5),
(342, 'Certificate of Excellence', 'Good', 'Customs and Border Protection', 3),
(343, 'Certificate of Completion', 'Bad', 'Department of Motor Vehicles', 4),
(344, 'Certificate of Achievement', 'Bad', 'Transportation Security Administration', 5),
(345, 'Certificate of Completion', 'Bad', 'Transportation Security Administration', 2),
(346, 'Certificate of Completion', 'Good', 'Federal Aviation Administration', 4),
(347, 'Certificate of Excellence', 'Good', 'Transportation Security Administration', 5),
(348, 'Certificate of Achievement', 'Excellence', 'Customs and Border Protection', 3),
(349, 'Certificate of Completion', 'Excellence', 'Federal Aviation Administration', 4),
(350, 'Certificate of Achievement', 'Bad', 'DMV', 2),
(351, 'Certificate of Merit', 'Good', 'County Clerk', 3),
(352, 'Certificate of Excellence', 'Good', 'DMV', 3),
(353, 'Certificate of Merit', 'Excellence', 'Customs and Border Protection', 2),
(354, 'Certificate of Merit', 'Good', 'Transportation Security Administration', 5),
(355, 'Certificate of Completion', 'Good', 'Social Security Administration', 4),
(356, 'Certificate of Recognition', 'Good', 'Department of Motor Vehicles', 2),
(357, 'Certificate of Completion', 'Bad', 'Passport Agency', 2),
(358, 'Certificate of Completion', 'Bad', 'Social Security Administration', 5),
(359, 'Certificate of Completion', 'Excellence', 'Department of Motor Vehicles', 4),
(360, 'Certificate of Completion', 'Bad', 'Federal Aviation Administration', 4),
(361, 'Certificate of Completion', 'Normal', 'Immigration Office', 5),
(362, 'Certificate of Merit', 'Excellence', 'Transportation Security Administration', 2),
(363, 'Certificate of Completion', 'Normal', 'Department of Motor Vehicles', 3),
(364, 'Certificate of Completion', 'Excellence', 'Transportation Security Administration', 4),
(365, 'Certificate of Excellence', 'Good', 'DMV', 5),
(366, 'Certificate of Recognition', 'Bad', 'Customs and Border Protection', 2),
(367, 'Certificate of Completion', 'Bad', 'Federal Aviation Administration', 5),
(368, 'Certificate of Recognition', 'Good', 'Social Security Administration', 3),
(369, 'Certificate of Merit', 'Normal', 'Department of Motor Vehicles', 3),
(370, 'Certificate of Recognition', 'Good', 'Department of Motor Vehicles', 5),
(371, 'Certificate of Achievement', 'Excellence', 'Transportation Security Administration', 2),
(372, 'Certificate of Recognition', 'Normal', 'Department of Motor Vehicles', 2),
(373, 'Certificate of Excellence', 'Bad', 'Social Security Administration', 4),
(374, 'Certificate of Excellence', 'Normal', 'County Clerk', 5),
(375, 'Certificate of Completion', 'Excellence', 'County Clerk', 5),
(376, 'Certificate of Recognition', 'Normal', 'Passport Agency', 4),
(377, 'Certificate of Recognition', 'Normal', 'State ID Office', 4),
(378, 'Certificate of Achievement', 'Normal', 'Transportation Security Administration', 4),
(379, 'Certificate of Excellence', 'Excellence', 'County Clerk', 4),
(380, 'Certificate of Completion', 'Excellence', 'State ID Office', 4),
(381, 'Certificate of Excellence', 'Bad', 'DMV', 4),
(382, 'Certificate of Excellence', 'Excellence', 'Passport Agency', 4),
(383, 'Certificate of Completion', 'Good', 'Department of Motor Vehicles', 2),
(384, 'Certificate of Achievement', 'Excellence', 'County Clerk', 5),
(385, 'Certificate of Recognition', 'Good', 'Department of Motor Vehicles', 5),
(386, 'Certificate of Excellence', 'Good', 'Passport Agency', 3),
(387, 'Certificate of Excellence', 'Excellence', 'Federal Aviation Administration', 5),
(388, 'Certificate of Recognition', 'Good', 'Customs and Border Protection', 2),
(389, 'Certificate of Merit', 'Bad', 'DMV', 2),
(390, 'Certificate of Excellence', 'Excellence', 'Immigration Office', 3),
(391, 'Certificate of Excellence', 'Excellence', 'DMV', 2),
(392, 'Certificate of Achievement', 'Excellence', 'DMV', 5),
(393, 'Certificate of Achievement', 'Excellence', 'Social Security Administration', 3),
(394, 'Certificate of Completion', 'Bad', 'Transportation Security Administration', 4),
(395, 'Certificate of Completion', 'Good', 'Immigration Office', 5),
(396, 'Certificate of Merit', 'Excellence', 'Department of Motor Vehicles', 5),
(397, 'Certificate of Recognition', 'Bad', 'Customs and Border Protection', 3),
(398, 'Certificate of Excellence', 'Bad', 'Immigration Office', 5),
(399, 'Certificate of Excellence', 'Normal', 'Customs and Border Protection', 4),
(400, 'Certificate of Achievement', 'Good', 'State ID Office', 2),
(401, 'Certificate of Completion', 'Excellence', 'Federal Aviation Administration', 3),
(402, 'Certificate of Recognition', 'Excellence', 'Customs and Border Protection', 2),
(403, 'Certificate of Completion', 'Good', 'Customs and Border Protection', 3),
(404, 'Certificate of Recognition', 'Good', 'Federal Aviation Administration', 5),
(405, 'Certificate of Completion', 'Bad', 'Social Security Administration', 2),
(406, 'Certificate of Achievement', 'Bad', 'Passport Agency', 2),
(407, 'Certificate of Recognition', 'Bad', 'Customs and Border Protection', 2),
(408, 'Certificate of Merit', 'Good', 'DMV', 3),
(409, 'Certificate of Completion', 'Bad', 'Federal Aviation Administration', 3),
(410, 'Certificate of Achievement', 'Bad', 'Federal Aviation Administration', 5),
(411, 'Certificate of Excellence', 'Bad', 'Customs and Border Protection', 2),
(412, 'Certificate of Recognition', 'Good', 'Social Security Administration', 4),
(413, 'Certificate of Merit', 'Good', 'DMV', 5),
(414, 'Certificate of Excellence', 'Normal', 'Immigration Office', 5),
(415, 'Certificate of Merit', 'Good', 'Passport Agency', 5),
(416, 'Certificate of Recognition', 'Good', 'Transportation Security Administration', 4),
(417, 'Certificate of Excellence', 'Excellence', 'Social Security Administration', 2),
(418, 'Certificate of Completion', 'Excellence', 'Immigration Office', 3),
(419, 'Certificate of Completion', 'Normal', 'Department of Motor Vehicles', 2),
(420, 'Certificate of Recognition', 'Normal', 'DMV', 5),
(421, 'Certificate of Achievement', 'Bad', 'Immigration Office', 5),
(422, 'Certificate of Completion', 'Good', 'Transportation Security Administration', 5),
(423, 'Certificate of Excellence', 'Normal', 'Customs and Border Protection', 3),
(424, 'Certificate of Merit', 'Excellence', 'Passport Agency', 5),
(425, 'Certificate of Excellence', 'Normal', 'State ID Office', 3),
(426, 'Certificate of Excellence', 'Normal', 'Immigration Office', 4),
(427, 'Certificate of Merit', 'Excellence', 'Passport Agency', 4),
(428, 'Certificate of Achievement', 'Excellence', 'Federal Aviation Administration', 4),
(429, 'Certificate of Completion', 'Normal', 'Social Security Administration', 3),
(430, 'Certificate of Excellence', 'Excellence', 'County Clerk', 2),
(431, 'Certificate of Excellence', 'Good', 'Customs and Border Protection', 4),
(432, 'Certificate of Recognition', 'Excellence', 'Transportation Security Administration', 5),
(433, 'Certificate of Merit', 'Excellence', 'Passport Agency', 2),
(434, 'Certificate of Achievement', 'Excellence', 'Immigration Office', 3),
(435, 'Certificate of Achievement', 'Normal', 'Federal Aviation Administration', 3),
(436, 'Certificate of Excellence', 'Bad', 'Passport Agency', 4),
(437, 'Certificate of Completion', 'Normal', 'Customs and Border Protection', 2),
(438, 'Certificate of Recognition', 'Normal', 'Social Security Administration', 2),
(439, 'Certificate of Completion', 'Good', 'Passport Agency', 4),
(440, 'Certificate of Merit', 'Excellence', 'County Clerk', 2),
(441, 'Certificate of Merit', 'Bad', 'Customs and Border Protection', 5),
(442, 'Certificate of Recognition', 'Bad', 'DMV', 3),
(443, 'Certificate of Completion', 'Normal', 'Customs and Border Protection', 3),
(444, 'Certificate of Recognition', 'Excellence', 'Department of Motor Vehicles', 5),
(445, 'Certificate of Recognition', 'Normal', 'Federal Aviation Administration', 4),
(446, 'Certificate of Completion', 'Normal', 'DMV', 4),
(447, 'Certificate of Excellence', 'Good', 'State ID Office', 4),
(448, 'Certificate of Achievement', 'Excellence', 'Federal Aviation Administration', 3),
(449, 'Certificate of Merit', 'Bad', 'Transportation Security Administration', 4),
(450, 'Certificate of Completion', 'Bad', 'DMV', 3),
(451, 'Certificate of Excellence', 'Good', 'State ID Office', 5),
(452, 'Certificate of Completion', 'Good', 'Transportation Security Administration', 2),
(453, 'Certificate of Achievement', 'Good', 'County Clerk', 5),
(454, 'Certificate of Recognition', 'Excellence', 'Passport Agency', 5),
(455, 'Certificate of Merit', 'Excellence', 'State ID Office', 3),
(456, 'Certificate of Excellence', 'Good', 'Passport Agency', 2),
(457, 'Certificate of Excellence', 'Excellence', 'Immigration Office', 2),
(458, 'Certificate of Excellence', 'Good', 'Customs and Border Protection', 2),
(459, 'Certificate of Recognition', 'Good', 'Department of Motor Vehicles', 4),
(460, 'Certificate of Completion', 'Excellence', 'Department of Motor Vehicles', 4),
(461, 'Certificate of Merit', 'Normal', 'Immigration Office', 5),
(462, 'Certificate of Excellence', 'Excellence', 'Immigration Office', 4),
(463, 'Certificate of Achievement', 'Good', 'Department of Motor Vehicles', 3),
(464, 'Certificate of Completion', 'Bad', 'County Clerk', 3),
(465, 'Certificate of Achievement', 'Good', 'State ID Office', 3),
(466, 'Certificate of Achievement', 'Excellence', 'Social Security Administration', 5),
(467, 'Certificate of Recognition', 'Bad', 'Social Security Administration', 3),
(468, 'Certificate of Merit', 'Normal', 'Social Security Administration', 2),
(469, 'Certificate of Excellence', 'Normal', 'Department of Motor Vehicles', 3),
(470, 'Certificate of Recognition', 'Bad', 'Social Security Administration', 5),
(471, 'Certificate of Achievement', 'Bad', 'Customs and Border Protection', 3),
(472, 'Certificate of Merit', 'Excellence', 'State ID Office', 4),
(473, 'Certificate of Completion', 'Excellence', 'DMV', 3),
(474, 'Certificate of Completion', 'Normal', 'DMV', 2),
(475, 'Certificate of Merit', 'Bad', 'Department of Motor Vehicles', 3),
(476, 'Certificate of Excellence', 'Bad', 'Federal Aviation Administration', 2),
(477, 'Certificate of Recognition', 'Bad', 'DMV', 4),
(478, 'Certificate of Achievement', 'Normal', 'DMV', 2),
(479, 'Certificate of Recognition', 'Bad', 'Social Security Administration', 5),
(480, 'Certificate of Merit', 'Normal', 'Customs and Border Protection', 5),
(481, 'Certificate of Merit', 'Good', 'Immigration Office', 4),
(482, 'Certificate of Recognition', 'Normal', 'County Clerk', 5),
(483, 'Certificate of Recognition', 'Bad', 'Immigration Office', 5),
(484, 'Certificate of Merit', 'Normal', 'Customs and Border Protection', 3),
(485, 'Certificate of Achievement', 'Bad', 'Department of Motor Vehicles', 3),
(486, 'Certificate of Merit', 'Excellence', 'Customs and Border Protection', 4),
(487, 'Certificate of Recognition', 'Normal', 'State ID Office', 2),
(488, 'Certificate of Excellence', 'Excellence', 'Department of Motor Vehicles', 3),
(489, 'Certificate of Merit', 'Bad', 'Customs and Border Protection', 4),
(490, 'Certificate of Achievement', 'Bad', 'County Clerk', 3),
(491, 'Certificate of Recognition', 'Normal', 'DMV', 4),
(492, 'Certificate of Completion', 'Normal', 'Customs and Border Protection', 5),
(493, 'Certificate of Excellence', 'Normal', 'County Clerk', 3),
(494, 'Certificate of Excellence', 'Excellence', 'County Clerk', 4),
(495, 'Certificate of Completion', 'Excellence', 'Social Security Administration', 3),
(496, 'Certificate of Recognition', 'Normal', 'Immigration Office', 3),
(497, 'Certificate of Recognition', 'Bad', 'Federal Aviation Administration', 5),
(498, 'Certificate of Excellence', 'Excellence', 'Immigration Office', 5),
(499, 'Certificate of Excellence', 'Normal', 'Customs and Border Protection', 4),
(500, 'Certificate of Achievement', 'Bad', 'Passport Agency', 5),
(501, 'Certificate of Achievement', 'Bad', 'County Clerk', 3),
(502, 'Certificate of Completion', 'Excellence', 'Department of Motor Vehicles', 3),
(503, 'Certificate of Excellence', 'Good', 'Immigration Office', 3),
(504, 'Certificate of Excellence', 'Good', 'Passport Agency', 2),
(505, 'Certificate of Recognition', 'Bad', 'Customs and Border Protection', 3),
(506, 'Certificate of Recognition', 'Normal', 'Customs and Border Protection', 2),
(507, 'Certificate of Recognition', 'Bad', 'Social Security Administration', 4),
(508, 'Certificate of Excellence', 'Normal', 'County Clerk', 5),
(509, 'Certificate of Completion', 'Good', 'Passport Agency', 4),
(510, 'Certificate of Merit', 'Excellence', 'Immigration Office', 5),
(511, 'Certificate of Completion', 'Good', 'Customs and Border Protection', 5),
(512, 'Certificate of Recognition', 'Excellence', 'Transportation Security Administration', 3),
(513, 'Certificate of Excellence', 'Excellence', 'Department of Motor Vehicles', 5),
(514, 'Certificate of Merit', 'Bad', 'Social Security Administration', 2),
(515, 'Certificate of Excellence', 'Good', 'Federal Aviation Administration', 2),
(516, 'Certificate of Excellence', 'Normal', 'Immigration Office', 5),
(517, 'Certificate of Excellence', 'Bad', 'DMV', 3),
(518, 'Certificate of Excellence', 'Bad', 'DMV', 4),
(519, 'Certificate of Recognition', 'Bad', 'DMV', 4),
(520, 'Certificate of Achievement', 'Normal', 'Social Security Administration', 2),
(521, 'Certificate of Merit', 'Normal', 'County Clerk', 4),
(522, 'Certificate of Achievement', 'Good', 'Immigration Office', 4),
(523, 'Certificate of Excellence', 'Normal', 'Department of Motor Vehicles', 5),
(524, 'Certificate of Achievement', 'Good', 'Customs and Border Protection', 5),
(525, 'Certificate of Merit', 'Good', 'Passport Agency', 4),
(526, 'Certificate of Completion', 'Excellence', 'Customs and Border Protection', 2),
(527, 'Certificate of Achievement', 'Bad', 'State ID Office', 4),
(528, 'Certificate of Completion', 'Excellence', 'Federal Aviation Administration', 2),
(529, 'Certificate of Completion', 'Excellence', 'Social Security Administration', 5),
(530, 'Certificate of Excellence', 'Bad', 'Transportation Security Administration', 4),
(531, 'Certificate of Merit', 'Bad', 'Immigration Office', 2),
(532, 'Certificate of Excellence', 'Bad', 'Passport Agency', 4),
(533, 'Certificate of Excellence', 'Bad', 'Customs and Border Protection', 3),
(534, 'Certificate of Completion', 'Good', 'Immigration Office', 4),
(535, 'Certificate of Completion', 'Good', 'Department of Motor Vehicles', 4),
(536, 'Certificate of Merit', 'Excellence', 'Immigration Office', 3),
(537, 'Certificate of Recognition', 'Bad', 'Department of Motor Vehicles', 2),
(538, 'Certificate of Merit', 'Normal', 'Customs and Border Protection', 5),
(539, 'Certificate of Recognition', 'Good', 'Department of Motor Vehicles', 3),
(540, 'Certificate of Completion', 'Normal', 'Transportation Security Administration', 5),
(541, 'Certificate of Completion', 'Normal', 'Social Security Administration', 5),
(542, 'Certificate of Recognition', 'Good', 'County Clerk', 2),
(543, 'Certificate of Merit', 'Good', 'DMV', 5),
(544, 'Certificate of Excellence', 'Excellence', 'DMV', 4),
(545, 'Certificate of Completion', 'Good', 'Passport Agency', 5),
(546, 'Certificate of Merit', 'Bad', 'Federal Aviation Administration', 4),
(547, 'Certificate of Excellence', 'Excellence', 'County Clerk', 2),
(548, 'Certificate of Merit', 'Good', 'Federal Aviation Administration', 4),
(549, 'Certificate of Merit', 'Excellence', 'Transportation Security Administration', 4),
(550, 'Certificate of Achievement', 'Excellence', 'Customs and Border Protection', 4),
(551, 'Certificate of Recognition', 'Good', 'Department of Motor Vehicles', 3),
(552, 'Certificate of Excellence', 'Bad', 'DMV', 3),
(553, 'Certificate of Merit', 'Good', 'Passport Agency', 4),
(554, 'Certificate of Merit', 'Excellence', 'Passport Agency', 3),
(555, 'Certificate of Recognition', 'Bad', 'Social Security Administration', 4),
(556, 'Certificate of Recognition', 'Normal', 'Passport Agency', 4),
(557, 'Certificate of Merit', 'Normal', 'County Clerk', 2),
(558, 'Certificate of Merit', 'Excellence', 'County Clerk', 4),
(559, 'Certificate of Merit', 'Good', 'State ID Office', 4),
(560, 'Certificate of Merit', 'Bad', 'County Clerk', 5),
(561, 'Certificate of Achievement', 'Normal', 'State ID Office', 4),
(562, 'Certificate of Excellence', 'Normal', 'State ID Office', 5),
(563, 'Certificate of Recognition', 'Excellence', 'Federal Aviation Administration', 4),
(564, 'Certificate of Merit', 'Normal', 'State ID Office', 3),
(565, 'Certificate of Recognition', 'Bad', 'DMV', 2),
(566, 'Certificate of Merit', 'Good', 'State ID Office', 4),
(567, 'Certificate of Recognition', 'Good', 'Transportation Security Administration', 2),
(568, 'Certificate of Achievement', 'Bad', 'Passport Agency', 4),
(569, 'Certificate of Completion', 'Good', 'Federal Aviation Administration', 4),
(570, 'Certificate of Excellence', 'Excellence', 'Federal Aviation Administration', 5),
(571, 'Certificate of Achievement', 'Excellence', 'County Clerk', 3),
(572, 'Certificate of Merit', 'Excellence', 'County Clerk', 3),
(573, 'Certificate of Merit', 'Good', 'Federal Aviation Administration', 4),
(574, 'Certificate of Recognition', 'Excellence', 'State ID Office', 3),
(575, 'Certificate of Recognition', 'Normal', 'Passport Agency', 3),
(576, 'Certificate of Merit', 'Excellence', 'Customs and Border Protection', 3),
(577, 'Certificate of Achievement', 'Good', 'Federal Aviation Administration', 5),
(578, 'Certificate of Merit', 'Normal', 'Social Security Administration', 3),
(579, 'Certificate of Excellence', 'Excellence', 'Federal Aviation Administration', 3),
(580, 'Certificate of Recognition', 'Excellence', 'DMV', 5),
(581, 'Certificate of Merit', 'Normal', 'Social Security Administration', 5),
(582, 'Certificate of Completion', 'Good', 'State ID Office', 5),
(583, 'Certificate of Recognition', 'Excellence', 'County Clerk', 4),
(584, 'Certificate of Merit', 'Normal', 'Social Security Administration', 5),
(585, 'Certificate of Achievement', 'Excellence', 'Customs and Border Protection', 3),
(586, 'Certificate of Merit', 'Excellence', 'DMV', 4),
(587, 'Certificate of Recognition', 'Normal', 'County Clerk', 2),
(588, 'Certificate of Completion', 'Good', 'Transportation Security Administration', 5),
(589, 'Certificate of Excellence', 'Good', 'DMV', 5),
(590, 'Certificate of Completion', 'Normal', 'County Clerk', 5),
(591, 'Certificate of Recognition', 'Bad', 'County Clerk', 3),
(592, 'Certificate of Recognition', 'Excellence', 'County Clerk', 4),
(593, 'Certificate of Achievement', 'Excellence', 'Federal Aviation Administration', 4),
(594, 'Certificate of Achievement', 'Excellence', 'Customs and Border Protection', 3),
(595, 'Certificate of Completion', 'Good', 'Immigration Office', 4),
(596, 'Certificate of Completion', 'Bad', 'Department of Motor Vehicles', 3),
(597, 'Certificate of Excellence', 'Bad', 'Transportation Security Administration', 4),
(598, 'Certificate of Achievement', 'Good', 'State ID Office', 5),
(599, 'Certificate of Excellence', 'Bad', 'Immigration Office', 4),
(600, 'Certificate of Excellence', 'Normal', 'Transportation Security Administration', 5),
(601, 'Certificate of Completion', 'Bad', 'Passport Agency', 5),
(602, 'Certificate of Recognition', 'Excellence', 'Federal Aviation Administration', 4),
(603, 'Certificate of Recognition', 'Excellence', 'DMV', 3),
(604, 'Certificate of Recognition', 'Excellence', 'Passport Agency', 3),
(605, 'Certificate of Recognition', 'Normal', 'DMV', 3),
(606, 'Certificate of Achievement', 'Normal', 'DMV', 2),
(607, 'Certificate of Recognition', 'Normal', 'Customs and Border Protection', 4),
(608, 'Certificate of Merit', 'Bad', 'Passport Agency', 5),
(609, 'Certificate of Completion', 'Good', 'County Clerk', 5),
(610, 'Certificate of Completion', 'Bad', 'Department of Motor Vehicles', 2),
(611, 'Certificate of Merit', 'Bad', 'Social Security Administration', 3),
(612, 'Certificate of Completion', 'Good', 'Transportation Security Administration', 4),
(613, 'Certificate of Excellence', 'Bad', 'Federal Aviation Administration', 5),
(614, 'Certificate of Recognition', 'Normal', 'Transportation Security Administration', 4),
(615, 'Certificate of Achievement', 'Excellence', 'Transportation Security Administration', 3),
(616, 'Certificate of Merit', 'Excellence', 'Department of Motor Vehicles', 2),
(617, 'Certificate of Achievement', 'Bad', 'County Clerk', 4),
(618, 'Certificate of Recognition', 'Good', 'Passport Agency', 4),
(619, 'Certificate of Excellence', 'Good', 'County Clerk', 3),
(620, 'Certificate of Excellence', 'Excellence', 'State ID Office', 3),
(621, 'Certificate of Recognition', 'Normal', 'Social Security Administration', 3),
(622, 'Certificate of Achievement', 'Excellence', 'Transportation Security Administration', 5),
(623, 'Certificate of Excellence', 'Good', 'Transportation Security Administration', 3),
(624, 'Certificate of Excellence', 'Normal', 'DMV', 2),
(625, 'Certificate of Excellence', 'Good', 'Customs and Border Protection', 5),
(626, 'Certificate of Completion', 'Excellence', 'DMV', 2),
(627, 'Certificate of Excellence', 'Bad', 'Customs and Border Protection', 5),
(628, 'Certificate of Recognition', 'Good', 'Transportation Security Administration', 3),
(629, 'Certificate of Achievement', 'Bad', 'Transportation Security Administration', 5),
(630, 'Certificate of Achievement', 'Good', 'Federal Aviation Administration', 4),
(631, 'Certificate of Completion', 'Good', 'Federal Aviation Administration', 3),
(632, 'Certificate of Completion', 'Bad', 'Department of Motor Vehicles', 2),
(633, 'Certificate of Completion', 'Excellence', 'Social Security Administration', 2),
(634, 'Certificate of Completion', 'Excellence', 'County Clerk', 4),
(635, 'Certificate of Merit', 'Good', 'Immigration Office', 5),
(636, 'Certificate of Completion', 'Bad', 'Transportation Security Administration', 3),
(637, 'Certificate of Recognition', 'Normal', 'Federal Aviation Administration', 3),
(638, 'Certificate of Excellence', 'Bad', 'Immigration Office', 5),
(639, 'Certificate of Achievement', 'Normal', 'Customs and Border Protection', 5),
(640, 'Certificate of Merit', 'Good', 'Department of Motor Vehicles', 2),
(641, 'Certificate of Completion', 'Normal', 'Federal Aviation Administration', 3),
(642, 'Certificate of Merit', 'Excellence', 'County Clerk', 2),
(643, 'Certificate of Merit', 'Normal', 'Customs and Border Protection', 2),
(644, 'Certificate of Excellence', 'Good', 'Department of Motor Vehicles', 4),
(645, 'Certificate of Merit', 'Excellence', 'State ID Office', 3),
(646, 'Certificate of Achievement', 'Normal', 'Immigration Office', 5),
(647, 'Certificate of Merit', 'Good', 'Passport Agency', 2),
(648, 'Certificate of Completion', 'Good', 'Federal Aviation Administration', 2),
(649, 'Certificate of Recognition', 'Good', 'Federal Aviation Administration', 5),
(650, 'Certificate of Completion', 'Normal', 'Immigration Office', 2),
(651, 'Certificate of Merit', 'Bad', 'Federal Aviation Administration', 2),
(652, 'Certificate of Merit', 'Excellence', 'Federal Aviation Administration', 5),
(653, 'Certificate of Merit', 'Bad', 'Social Security Administration', 5),
(654, 'Certificate of Merit', 'Bad', 'Social Security Administration', 3),
(655, 'Certificate of Completion', 'Normal', 'Immigration Office', 3),
(656, 'Certificate of Completion', 'Good', 'Customs and Border Protection', 5),
(657, 'Certificate of Excellence', 'Normal', 'DMV', 2),
(658, 'Certificate of Completion', 'Good', 'Immigration Office', 2),
(659, 'Certificate of Excellence', 'Bad', 'Social Security Administration', 2),
(660, 'Certificate of Merit', 'Normal', 'Customs and Border Protection', 5),
(661, 'Certificate of Achievement', 'Bad', 'Transportation Security Administration', 5),
(662, 'Certificate of Excellence', 'Bad', 'Social Security Administration', 5),
(663, 'Certificate of Excellence', 'Excellence', 'Federal Aviation Administration', 4),
(664, 'Certificate of Achievement', 'Excellence', 'Social Security Administration', 5),
(665, 'Certificate of Merit', 'Good', 'County Clerk', 2),
(666, 'Certificate of Achievement', 'Bad', 'DMV', 5),
(667, 'Certificate of Excellence', 'Normal', 'Immigration Office', 5),
(668, 'Certificate of Excellence', 'Good', 'Transportation Security Administration', 5),
(669, 'Certificate of Excellence', 'Good', 'State ID Office', 2),
(670, 'Certificate of Recognition', 'Excellence', 'Social Security Administration', 5),
(671, 'Certificate of Achievement', 'Bad', 'Transportation Security Administration', 5),
(672, 'Certificate of Excellence', 'Normal', 'County Clerk', 2),
(673, 'Certificate of Excellence', 'Bad', 'DMV', 2),
(674, 'Certificate of Completion', 'Excellence', 'Department of Motor Vehicles', 5),
(675, 'Certificate of Achievement', 'Bad', 'Federal Aviation Administration', 4),
(676, 'Certificate of Recognition', 'Normal', 'Immigration Office', 5),
(677, 'Certificate of Merit', 'Bad', 'Passport Agency', 4),
(678, 'Certificate of Completion', 'Excellence', 'DMV', 3),
(679, 'Certificate of Excellence', 'Good', 'Immigration Office', 5),
(680, 'Certificate of Excellence', 'Good', 'Passport Agency', 5),
(681, 'Certificate of Merit', 'Excellence', 'DMV', 5),
(682, 'Certificate of Excellence', 'Bad', 'Department of Motor Vehicles', 2),
(683, 'Certificate of Recognition', 'Normal', 'Passport Agency', 2),
(684, 'Certificate of Merit', 'Normal', 'Transportation Security Administration', 5),
(685, 'Certificate of Achievement', 'Bad', 'Transportation Security Administration', 2),
(686, 'Certificate of Achievement', 'Good', 'Immigration Office', 2),
(687, 'Certificate of Achievement', 'Excellence', 'County Clerk', 3),
(688, 'Certificate of Completion', 'Normal', 'Department of Motor Vehicles', 5),
(689, 'Certificate of Excellence', 'Normal', 'County Clerk', 2),
(690, 'Certificate of Excellence', 'Normal', 'Transportation Security Administration', 2);
INSERT INTO `certificates` (`certificate_id`, `certificate_name`, `description`, `issuing_authority`, `validity_period`) VALUES
(691, 'Certificate of Achievement', 'Bad', 'County Clerk', 3),
(692, 'Certificate of Excellence', 'Bad', 'Federal Aviation Administration', 2),
(693, 'Certificate of Excellence', 'Bad', 'County Clerk', 4),
(694, 'Certificate of Excellence', 'Bad', 'Customs and Border Protection', 2),
(695, 'Certificate of Excellence', 'Good', 'State ID Office', 2),
(696, 'Certificate of Achievement', 'Good', 'Federal Aviation Administration', 3),
(697, 'Certificate of Merit', 'Bad', 'DMV', 5),
(698, 'Certificate of Recognition', 'Normal', 'Transportation Security Administration', 4),
(699, 'Certificate of Completion', 'Bad', 'State ID Office', 5),
(700, 'Certificate of Recognition', 'Good', 'County Clerk', 5),
(701, 'Certificate of Achievement', 'Good', 'Federal Aviation Administration', 3),
(702, 'Certificate of Excellence', 'Good', 'Federal Aviation Administration', 2),
(703, 'Certificate of Recognition', 'Good', 'Transportation Security Administration', 3),
(704, 'Certificate of Achievement', 'Good', 'County Clerk', 5),
(705, 'Certificate of Merit', 'Bad', 'County Clerk', 3),
(706, 'Certificate of Achievement', 'Normal', 'Department of Motor Vehicles', 3),
(707, 'Certificate of Achievement', 'Good', 'DMV', 2),
(708, 'Certificate of Recognition', 'Bad', 'Immigration Office', 3),
(709, 'Certificate of Merit', 'Normal', 'State ID Office', 3),
(710, 'Certificate of Excellence', 'Good', 'Immigration Office', 5),
(711, 'Certificate of Achievement', 'Excellence', 'Federal Aviation Administration', 5),
(712, 'Certificate of Excellence', 'Bad', 'County Clerk', 5),
(713, 'Certificate of Achievement', 'Bad', 'County Clerk', 2),
(714, 'Certificate of Recognition', 'Bad', 'Transportation Security Administration', 5),
(715, 'Certificate of Merit', 'Normal', 'Federal Aviation Administration', 5),
(716, 'Certificate of Completion', 'Bad', 'County Clerk', 2),
(717, 'Certificate of Achievement', 'Bad', 'Federal Aviation Administration', 3),
(718, 'Certificate of Recognition', 'Bad', 'Immigration Office', 3),
(719, 'Certificate of Recognition', 'Bad', 'DMV', 5),
(720, 'Certificate of Recognition', 'Excellence', 'Department of Motor Vehicles', 4),
(721, 'Certificate of Recognition', 'Normal', 'Passport Agency', 3),
(722, 'Certificate of Achievement', 'Good', 'Customs and Border Protection', 5),
(723, 'Certificate of Merit', 'Normal', 'Department of Motor Vehicles', 2),
(724, 'Certificate of Merit', 'Normal', 'Federal Aviation Administration', 4),
(725, 'Certificate of Merit', 'Bad', 'Passport Agency', 4),
(726, 'Certificate of Completion', 'Excellence', 'DMV', 4),
(727, 'Certificate of Merit', 'Good', 'State ID Office', 5),
(728, 'Certificate of Achievement', 'Bad', 'Transportation Security Administration', 4),
(729, 'Certificate of Achievement', 'Excellence', 'Federal Aviation Administration', 2),
(730, 'Certificate of Completion', 'Normal', 'Passport Agency', 4),
(731, 'Certificate of Achievement', 'Bad', 'Immigration Office', 3),
(732, 'Certificate of Recognition', 'Bad', 'State ID Office', 5),
(733, 'Certificate of Merit', 'Good', 'State ID Office', 4),
(734, 'Certificate of Completion', 'Excellence', 'Department of Motor Vehicles', 5),
(735, 'Certificate of Achievement', 'Excellence', 'Passport Agency', 2),
(736, 'Certificate of Achievement', 'Good', 'Transportation Security Administration', 2),
(737, 'Certificate of Excellence', 'Good', 'Federal Aviation Administration', 2),
(738, 'Certificate of Merit', 'Normal', 'Federal Aviation Administration', 3),
(739, 'Certificate of Completion', 'Bad', 'Immigration Office', 5),
(740, 'Certificate of Achievement', 'Good', 'Passport Agency', 2),
(741, 'Certificate of Recognition', 'Bad', 'Immigration Office', 5),
(742, 'Certificate of Excellence', 'Excellence', 'County Clerk', 3),
(743, 'Certificate of Merit', 'Good', 'Transportation Security Administration', 5),
(744, 'Certificate of Excellence', 'Bad', 'DMV', 5),
(745, 'Certificate of Achievement', 'Normal', 'County Clerk', 4),
(746, 'Certificate of Merit', 'Normal', 'Federal Aviation Administration', 5),
(747, 'Certificate of Recognition', 'Good', 'Immigration Office', 4),
(748, 'Certificate of Excellence', 'Bad', 'State ID Office', 5),
(749, 'Certificate of Recognition', 'Good', 'Federal Aviation Administration', 5),
(750, 'Certificate of Recognition', 'Excellence', 'Department of Motor Vehicles', 4),
(751, 'Certificate of Excellence', 'Normal', 'Social Security Administration', 5),
(752, 'Certificate of Completion', 'Bad', 'DMV', 5),
(753, 'Certificate of Merit', 'Excellence', 'Federal Aviation Administration', 4),
(754, 'Certificate of Excellence', 'Good', 'Social Security Administration', 3),
(755, 'Certificate of Recognition', 'Bad', 'State ID Office', 2),
(756, 'Certificate of Recognition', 'Normal', 'State ID Office', 2),
(757, 'Certificate of Recognition', 'Good', 'Passport Agency', 2),
(758, 'Certificate of Achievement', 'Good', 'Federal Aviation Administration', 5),
(759, 'Certificate of Achievement', 'Good', 'DMV', 2),
(760, 'Certificate of Excellence', 'Good', 'Federal Aviation Administration', 3),
(761, 'Certificate of Achievement', 'Bad', 'State ID Office', 2),
(762, 'Certificate of Recognition', 'Excellence', 'DMV', 2),
(763, 'Certificate of Excellence', 'Bad', 'Federal Aviation Administration', 5),
(764, 'Certificate of Achievement', 'Normal', 'Federal Aviation Administration', 5),
(765, 'Certificate of Recognition', 'Excellence', 'Passport Agency', 3),
(766, 'Certificate of Excellence', 'Bad', 'Department of Motor Vehicles', 3),
(767, 'Certificate of Achievement', 'Bad', 'DMV', 3),
(768, 'Certificate of Achievement', 'Normal', 'Department of Motor Vehicles', 4),
(769, 'Certificate of Completion', 'Normal', 'Transportation Security Administration', 3),
(770, 'Certificate of Achievement', 'Normal', 'County Clerk', 2),
(771, 'Certificate of Excellence', 'Normal', 'Customs and Border Protection', 2),
(772, 'Certificate of Excellence', 'Bad', 'State ID Office', 4),
(773, 'Certificate of Recognition', 'Excellence', 'DMV', 4),
(774, 'Certificate of Merit', 'Good', 'Department of Motor Vehicles', 3),
(775, 'Certificate of Achievement', 'Excellence', 'Customs and Border Protection', 2),
(776, 'Certificate of Completion', 'Good', 'Social Security Administration', 5),
(777, 'Certificate of Excellence', 'Excellence', 'Federal Aviation Administration', 4),
(778, 'Certificate of Merit', 'Good', 'Social Security Administration', 2),
(779, 'Certificate of Merit', 'Good', 'County Clerk', 5),
(780, 'Certificate of Merit', 'Bad', 'Department of Motor Vehicles', 3),
(781, 'Certificate of Merit', 'Bad', 'Department of Motor Vehicles', 3),
(782, 'Certificate of Merit', 'Bad', 'Passport Agency', 3),
(783, 'Certificate of Completion', 'Normal', 'County Clerk', 5),
(784, 'Certificate of Excellence', 'Good', 'County Clerk', 2),
(785, 'Certificate of Achievement', 'Excellence', 'DMV', 4),
(786, 'Certificate of Achievement', 'Good', 'Customs and Border Protection', 2),
(787, 'Certificate of Achievement', 'Good', 'County Clerk', 3),
(788, 'Certificate of Completion', 'Normal', 'County Clerk', 3),
(789, 'Certificate of Completion', 'Normal', 'Customs and Border Protection', 4),
(790, 'Certificate of Achievement', 'Excellence', 'Department of Motor Vehicles', 2),
(791, 'Certificate of Completion', 'Bad', 'State ID Office', 5),
(792, 'Certificate of Excellence', 'Good', 'Social Security Administration', 2),
(793, 'Certificate of Achievement', 'Normal', 'Customs and Border Protection', 4),
(794, 'Certificate of Recognition', 'Bad', 'County Clerk', 5),
(795, 'Certificate of Recognition', 'Good', 'Federal Aviation Administration', 4),
(796, 'Certificate of Recognition', 'Normal', 'Department of Motor Vehicles', 2),
(797, 'Certificate of Merit', 'Good', 'Department of Motor Vehicles', 5),
(798, 'Certificate of Achievement', 'Excellence', 'Social Security Administration', 3),
(799, 'Certificate of Completion', 'Bad', 'Social Security Administration', 3),
(800, 'Certificate of Recognition', 'Excellence', 'Federal Aviation Administration', 2),
(801, 'Certificate of Recognition', 'Bad', 'Transportation Security Administration', 3),
(802, 'Certificate of Excellence', 'Excellence', 'Customs and Border Protection', 3),
(803, 'Certificate of Merit', 'Good', 'Transportation Security Administration', 3),
(804, 'Certificate of Achievement', 'Good', 'Transportation Security Administration', 2),
(805, 'Certificate of Recognition', 'Good', 'Passport Agency', 3),
(806, 'Certificate of Completion', 'Normal', 'State ID Office', 5),
(807, 'Certificate of Achievement', 'Bad', 'Customs and Border Protection', 2),
(808, 'Certificate of Completion', 'Bad', 'Department of Motor Vehicles', 5),
(809, 'Certificate of Achievement', 'Good', 'Immigration Office', 3),
(810, 'Certificate of Excellence', 'Normal', 'Transportation Security Administration', 2),
(811, 'Certificate of Merit', 'Bad', 'Passport Agency', 5),
(812, 'Certificate of Excellence', 'Good', 'County Clerk', 4),
(813, 'Certificate of Merit', 'Bad', 'Passport Agency', 4),
(814, 'Certificate of Merit', 'Bad', 'Immigration Office', 2),
(815, 'Certificate of Recognition', 'Bad', 'Federal Aviation Administration', 2),
(816, 'Certificate of Completion', 'Good', 'Immigration Office', 4),
(817, 'Certificate of Merit', 'Good', 'County Clerk', 5),
(818, 'Certificate of Achievement', 'Excellence', 'State ID Office', 4),
(819, 'Certificate of Merit', 'Bad', 'DMV', 2),
(820, 'Certificate of Merit', 'Good', 'DMV', 2),
(821, 'Certificate of Completion', 'Normal', 'Passport Agency', 4),
(822, 'Certificate of Completion', 'Normal', 'Passport Agency', 3),
(823, 'Certificate of Achievement', 'Normal', 'Immigration Office', 3),
(824, 'Certificate of Merit', 'Bad', 'DMV', 5),
(825, 'Certificate of Merit', 'Good', 'Social Security Administration', 5),
(826, 'Certificate of Completion', 'Good', 'State ID Office', 5),
(827, 'Certificate of Achievement', 'Good', 'State ID Office', 3),
(828, 'Certificate of Merit', 'Excellence', 'Social Security Administration', 3),
(829, 'Certificate of Excellence', 'Good', 'State ID Office', 3),
(830, 'Certificate of Recognition', 'Good', 'Immigration Office', 4),
(831, 'Certificate of Excellence', 'Normal', 'Immigration Office', 2),
(832, 'Certificate of Achievement', 'Excellence', 'DMV', 3),
(833, 'Certificate of Recognition', 'Normal', 'DMV', 3),
(834, 'Certificate of Excellence', 'Good', 'Immigration Office', 4),
(835, 'Certificate of Excellence', 'Normal', 'Immigration Office', 4),
(836, 'Certificate of Achievement', 'Bad', 'County Clerk', 3),
(837, 'Certificate of Completion', 'Bad', 'DMV', 3),
(838, 'Certificate of Recognition', 'Good', 'Customs and Border Protection', 2),
(839, 'Certificate of Excellence', 'Normal', 'Transportation Security Administration', 4),
(840, 'Certificate of Merit', 'Bad', 'Federal Aviation Administration', 2),
(841, 'Certificate of Recognition', 'Bad', 'County Clerk', 3),
(842, 'Certificate of Achievement', 'Normal', 'Passport Agency', 5),
(843, 'Certificate of Recognition', 'Normal', 'Customs and Border Protection', 2),
(844, 'Certificate of Achievement', 'Bad', 'DMV', 2),
(845, 'Certificate of Completion', 'Bad', 'Immigration Office', 5),
(846, 'Certificate of Recognition', 'Good', 'Transportation Security Administration', 2),
(847, 'Certificate of Completion', 'Good', 'Passport Agency', 2),
(848, 'Certificate of Recognition', 'Excellence', 'Passport Agency', 2),
(849, 'Certificate of Merit', 'Normal', 'DMV', 2),
(850, 'Certificate of Achievement', 'Bad', 'Customs and Border Protection', 4),
(851, 'Certificate of Completion', 'Good', 'Customs and Border Protection', 2),
(852, 'Certificate of Excellence', 'Bad', 'Immigration Office', 5),
(853, 'Certificate of Completion', 'Excellence', 'Department of Motor Vehicles', 2),
(854, 'Certificate of Completion', 'Normal', 'Transportation Security Administration', 2),
(855, 'Certificate of Excellence', 'Excellence', 'Transportation Security Administration', 5),
(856, 'Certificate of Merit', 'Excellence', 'Transportation Security Administration', 2),
(857, 'Certificate of Excellence', 'Good', 'DMV', 4),
(858, 'Certificate of Achievement', 'Bad', 'Social Security Administration', 4),
(859, 'Certificate of Achievement', 'Good', 'Social Security Administration', 5),
(860, 'Certificate of Recognition', 'Bad', 'Passport Agency', 3),
(861, 'Certificate of Merit', 'Normal', 'Department of Motor Vehicles', 4),
(862, 'Certificate of Recognition', 'Bad', 'Social Security Administration', 5),
(863, 'Certificate of Excellence', 'Good', 'Department of Motor Vehicles', 4),
(864, 'Certificate of Recognition', 'Good', 'County Clerk', 5),
(865, 'Certificate of Merit', 'Excellence', 'Customs and Border Protection', 4),
(866, 'Certificate of Recognition', 'Normal', 'Federal Aviation Administration', 4),
(867, 'Certificate of Recognition', 'Normal', 'Customs and Border Protection', 5),
(868, 'Certificate of Merit', 'Good', 'Department of Motor Vehicles', 3),
(869, 'Certificate of Completion', 'Bad', 'Passport Agency', 3),
(870, 'Certificate of Merit', 'Bad', 'Transportation Security Administration', 4),
(871, 'Certificate of Merit', 'Good', 'Department of Motor Vehicles', 3),
(872, 'Certificate of Recognition', 'Normal', 'Immigration Office', 5),
(873, 'Certificate of Recognition', 'Bad', 'County Clerk', 5),
(874, 'Certificate of Completion', 'Normal', 'Customs and Border Protection', 4),
(875, 'Certificate of Completion', 'Bad', 'State ID Office', 3),
(876, 'Certificate of Merit', 'Bad', 'Department of Motor Vehicles', 4),
(877, 'Certificate of Excellence', 'Normal', 'DMV', 5),
(878, 'Certificate of Recognition', 'Good', 'County Clerk', 3),
(879, 'Certificate of Merit', 'Bad', 'Social Security Administration', 3),
(880, 'Certificate of Completion', 'Good', 'Immigration Office', 4),
(881, 'Certificate of Recognition', 'Normal', 'Passport Agency', 5),
(882, 'Certificate of Excellence', 'Normal', 'Department of Motor Vehicles', 4),
(883, 'Certificate of Achievement', 'Bad', 'Federal Aviation Administration', 3),
(884, 'Certificate of Merit', 'Bad', 'Transportation Security Administration', 2),
(885, 'Certificate of Excellence', 'Excellence', 'Passport Agency', 3),
(886, 'Certificate of Excellence', 'Normal', 'Customs and Border Protection', 2),
(887, 'Certificate of Achievement', 'Bad', 'Transportation Security Administration', 2),
(888, 'Certificate of Excellence', 'Bad', 'Passport Agency', 3),
(889, 'Certificate of Merit', 'Bad', 'Department of Motor Vehicles', 4),
(890, 'Certificate of Merit', 'Good', 'DMV', 5),
(891, 'Certificate of Excellence', 'Bad', 'Customs and Border Protection', 3),
(892, 'Certificate of Achievement', 'Good', 'Social Security Administration', 2),
(893, 'Certificate of Achievement', 'Bad', 'Transportation Security Administration', 2),
(894, 'Certificate of Recognition', 'Bad', 'County Clerk', 5),
(895, 'Certificate of Recognition', 'Excellence', 'Federal Aviation Administration', 3),
(896, 'Certificate of Merit', 'Normal', 'County Clerk', 2),
(897, 'Certificate of Completion', 'Bad', 'Immigration Office', 2),
(898, 'Certificate of Merit', 'Bad', 'Customs and Border Protection', 4),
(899, 'Certificate of Recognition', 'Excellence', 'County Clerk', 4),
(900, 'Certificate of Achievement', 'Bad', 'Immigration Office', 5),
(901, 'Certificate of Achievement', 'Bad', 'Social Security Administration', 5),
(902, 'Certificate of Merit', 'Normal', 'Department of Motor Vehicles', 3),
(903, 'Certificate of Achievement', 'Normal', 'Transportation Security Administration', 4),
(904, 'Certificate of Achievement', 'Bad', 'DMV', 2),
(905, 'Certificate of Merit', 'Bad', 'State ID Office', 2),
(906, 'Certificate of Achievement', 'Normal', 'Immigration Office', 2),
(907, 'Certificate of Merit', 'Good', 'Transportation Security Administration', 3),
(908, 'Certificate of Excellence', 'Good', 'Social Security Administration', 2),
(909, 'Certificate of Merit', 'Normal', 'Federal Aviation Administration', 5),
(910, 'Certificate of Excellence', 'Bad', 'DMV', 2),
(911, 'Certificate of Recognition', 'Excellence', 'Customs and Border Protection', 2),
(912, 'Certificate of Excellence', 'Excellence', 'State ID Office', 3),
(913, 'Certificate of Merit', 'Bad', 'State ID Office', 3),
(914, 'Certificate of Excellence', 'Good', 'DMV', 3),
(915, 'Certificate of Completion', 'Normal', 'County Clerk', 5),
(916, 'Certificate of Merit', 'Good', 'Department of Motor Vehicles', 3),
(917, 'Certificate of Merit', 'Normal', 'Customs and Border Protection', 5),
(918, 'Certificate of Achievement', 'Bad', 'Federal Aviation Administration', 5),
(919, 'Certificate of Recognition', 'Normal', 'County Clerk', 2),
(920, 'Certificate of Completion', 'Normal', 'State ID Office', 5),
(921, 'Certificate of Achievement', 'Good', 'State ID Office', 4),
(922, 'Certificate of Merit', 'Bad', 'Passport Agency', 4),
(923, 'Certificate of Excellence', 'Good', 'Social Security Administration', 3),
(924, 'Certificate of Completion', 'Normal', 'County Clerk', 2),
(925, 'Certificate of Merit', 'Excellence', 'DMV', 4),
(926, 'Certificate of Merit', 'Normal', 'Passport Agency', 3),
(927, 'Certificate of Achievement', 'Bad', 'State ID Office', 5),
(928, 'Certificate of Merit', 'Bad', 'Social Security Administration', 2),
(929, 'Certificate of Excellence', 'Bad', 'Passport Agency', 4),
(930, 'Certificate of Achievement', 'Excellence', 'Social Security Administration', 5),
(931, 'Certificate of Achievement', 'Bad', 'Social Security Administration', 3),
(932, 'Certificate of Excellence', 'Excellence', 'Federal Aviation Administration', 3),
(933, 'Certificate of Completion', 'Good', 'Immigration Office', 3),
(934, 'Certificate of Achievement', 'Normal', 'DMV', 5),
(935, 'Certificate of Excellence', 'Excellence', 'Immigration Office', 5),
(936, 'Certificate of Completion', 'Excellence', 'County Clerk', 5),
(937, 'Certificate of Recognition', 'Bad', 'Customs and Border Protection', 2),
(938, 'Certificate of Completion', 'Excellence', 'Federal Aviation Administration', 4),
(939, 'Certificate of Excellence', 'Good', 'Passport Agency', 5),
(940, 'Certificate of Merit', 'Excellence', 'Immigration Office', 4),
(941, 'Certificate of Recognition', 'Good', 'Transportation Security Administration', 3),
(942, 'Certificate of Completion', 'Normal', 'Customs and Border Protection', 4),
(943, 'Certificate of Achievement', 'Good', 'Federal Aviation Administration', 5),
(944, 'Certificate of Excellence', 'Normal', 'Passport Agency', 5),
(945, 'Certificate of Merit', 'Excellence', 'DMV', 2),
(946, 'Certificate of Recognition', 'Bad', 'Transportation Security Administration', 4),
(947, 'Certificate of Merit', 'Excellence', 'Department of Motor Vehicles', 4),
(948, 'Certificate of Completion', 'Excellence', 'Department of Motor Vehicles', 5),
(949, 'Certificate of Merit', 'Normal', 'Department of Motor Vehicles', 3),
(950, 'Certificate of Merit', 'Bad', 'State ID Office', 4),
(951, 'Certificate of Excellence', 'Normal', 'Customs and Border Protection', 4),
(952, 'Certificate of Achievement', 'Normal', 'State ID Office', 5),
(953, 'Certificate of Recognition', 'Normal', 'DMV', 3),
(954, 'Certificate of Recognition', 'Good', 'Passport Agency', 4),
(955, 'Certificate of Excellence', 'Normal', 'Department of Motor Vehicles', 3),
(956, 'Certificate of Achievement', 'Good', 'Social Security Administration', 4),
(957, 'Certificate of Merit', 'Bad', 'Passport Agency', 5),
(958, 'Certificate of Merit', 'Bad', 'Social Security Administration', 3),
(959, 'Certificate of Merit', 'Good', 'Federal Aviation Administration', 3),
(960, 'Certificate of Recognition', 'Bad', 'Federal Aviation Administration', 5),
(961, 'Certificate of Excellence', 'Normal', 'Federal Aviation Administration', 4),
(962, 'Certificate of Completion', 'Normal', 'Federal Aviation Administration', 3),
(963, 'Certificate of Completion', 'Excellence', 'Transportation Security Administration', 4),
(964, 'Certificate of Achievement', 'Excellence', 'Federal Aviation Administration', 5),
(965, 'Certificate of Recognition', 'Normal', 'Customs and Border Protection', 4),
(966, 'Certificate of Merit', 'Bad', 'Federal Aviation Administration', 3),
(967, 'Certificate of Recognition', 'Normal', 'Department of Motor Vehicles', 3),
(968, 'Certificate of Merit', 'Normal', 'Social Security Administration', 3),
(969, 'Certificate of Recognition', 'Normal', 'Immigration Office', 4),
(970, 'Certificate of Completion', 'Excellence', 'County Clerk', 3),
(971, 'Certificate of Recognition', 'Good', 'Immigration Office', 2),
(972, 'Certificate of Recognition', 'Bad', 'County Clerk', 4),
(973, 'Certificate of Recognition', 'Bad', 'Social Security Administration', 4),
(974, 'Certificate of Achievement', 'Normal', 'Transportation Security Administration', 2),
(975, 'Certificate of Excellence', 'Bad', 'County Clerk', 4),
(976, 'Certificate of Excellence', 'Excellence', 'State ID Office', 3),
(977, 'Certificate of Recognition', 'Excellence', 'Social Security Administration', 4),
(978, 'Certificate of Completion', 'Bad', 'DMV', 3),
(979, 'Certificate of Recognition', 'Good', 'Passport Agency', 3),
(980, 'Certificate of Achievement', 'Excellence', 'County Clerk', 4),
(981, 'Certificate of Achievement', 'Excellence', 'Immigration Office', 4),
(982, 'Certificate of Merit', 'Good', 'Department of Motor Vehicles', 5),
(983, 'Certificate of Recognition', 'Normal', 'DMV', 4),
(984, 'Certificate of Merit', 'Bad', 'Transportation Security Administration', 2),
(985, 'Certificate of Excellence', 'Bad', 'Transportation Security Administration', 5),
(986, 'Certificate of Recognition', 'Bad', 'Social Security Administration', 5),
(987, 'Certificate of Merit', 'Bad', 'Immigration Office', 5),
(988, 'Certificate of Completion', 'Normal', 'State ID Office', 2),
(989, 'Certificate of Excellence', 'Normal', 'Immigration Office', 2),
(990, 'Certificate of Excellence', 'Bad', 'Passport Agency', 3),
(991, 'Certificate of Completion', 'Bad', 'Department of Motor Vehicles', 2),
(992, 'Certificate of Excellence', 'Bad', 'County Clerk', 3),
(993, 'Certificate of Excellence', 'Normal', 'Immigration Office', 4),
(994, 'Certificate of Completion', 'Normal', 'Federal Aviation Administration', 3),
(995, 'Certificate of Achievement', 'Excellence', 'Immigration Office', 4),
(996, 'Certificate of Merit', 'Excellence', 'Department of Motor Vehicles', 5),
(997, 'Certificate of Merit', 'Normal', 'Transportation Security Administration', 4),
(998, 'Certificate of Recognition', 'Bad', 'DMV', 2),
(999, 'Certificate of Completion', 'Bad', 'Customs and Border Protection', 3),
(1000, 'Certificate of Achievement', 'Normal', 'County Clerk', 3);

-- --------------------------------------------------------

--
-- Table structure for table `certificates_earned`
--

CREATE TABLE `certificates_earned` (
  `certificate_earned_id` int(11) NOT NULL,
  `user_id` int(11) DEFAULT NULL,
  `certificate_id` int(11) DEFAULT NULL,
  `date_earned` date DEFAULT NULL
) ENGINE=InnoDB DEFAULT CHARSET=utf8mb4 COLLATE=utf8mb4_general_ci;

--
-- Dumping data for table `certificates_earned`
--

INSERT INTO `certificates_earned` (`certificate_earned_id`, `user_id`, `certificate_id`, `date_earned`) VALUES
(1, 133, 414, '2023-10-31'),
(2, 347, 983, '2023-06-11'),
(3, 72, 741, '2023-10-11'),
(4, 184, 648, '2023-10-22'),
(5, 228, 637, '2023-03-13'),
(6, 113, 308, '2023-05-29'),
(7, 195, 297, '2023-03-18'),
(8, 360, 59, '2023-01-25'),
(9, 59, 518, '2023-10-06'),
(10, 269, 406, '2023-06-30'),
(11, 305, 954, '2022-12-05'),
(12, 306, 771, '2023-08-18'),
(13, 476, 951, '2023-09-22'),
(14, 199, 194, '2023-06-11'),
(15, 98, 103, '2023-07-24'),
(16, 297, 596, '2023-04-21'),
(17, 159, 229, '2023-08-30'),
(18, 120, 689, '2023-08-23'),
(19, 113, 497, '2023-04-19'),
(20, 401, 549, '2023-11-13'),
(21, 437, 600, '2023-09-23'),
(22, 454, 870, '2023-07-24'),
(23, 368, 323, '2023-05-31'),
(24, 126, 237, '2023-02-05'),
(25, 479, 818, '2023-07-13'),
(26, 64, 340, '2023-02-25'),
(27, 92, 273, '2023-02-19'),
(28, 247, 369, '2023-04-30'),
(29, 449, 847, '2022-11-19'),
(30, 238, 898, '2023-04-01'),
(31, 234, 274, '2023-08-20'),
(32, 288, 482, '2022-11-21'),
(33, 132, 690, '2023-08-24'),
(34, 46, 554, '2023-07-08'),
(35, 179, 509, '2023-04-05'),
(36, 398, 633, '2023-07-17'),
(37, 428, 383, '2023-07-26'),
(38, 41, 610, '2023-07-12'),
(39, 173, 593, '2023-04-28'),
(40, 345, 756, '2023-03-07'),
(41, 432, 396, '2023-07-10'),
(42, 150, 59, '2023-09-06'),
(43, 308, 623, '2023-11-06'),
(44, 314, 378, '2022-11-16'),
(45, 129, 580, '2023-10-11'),
(46, 145, 859, '2023-07-15'),
(47, 188, 727, '2023-04-12'),
(48, 198, 41, '2022-12-17'),
(49, 183, 306, '2023-03-16'),
(50, 378, 91, '2023-09-09'),
(51, 269, 44, '2023-06-22'),
(52, 8, 764, '2023-08-19'),
(53, 252, 333, '2023-08-02'),
(54, 246, 954, '2023-04-23'),
(55, 208, 847, '2023-02-18'),
(56, 31, 164, '2023-10-27'),
(57, 489, 710, '2023-08-06'),
(58, 87, 642, '2023-02-04'),
(59, 59, 661, '2023-05-28'),
(60, 307, 14, '2023-01-29'),
(61, 103, 315, '2023-05-08'),
(62, 179, 579, '2023-10-27'),
(63, 110, 59, '2023-10-02'),
(64, 353, 56, '2022-12-07'),
(65, 77, 899, '2023-04-01'),
(66, 64, 209, '2023-07-25'),
(67, 21, 575, '2023-07-01'),
(68, 233, 332, '2023-01-11'),
(69, 46, 236, '2022-12-03'),
(70, 10, 13, '2022-12-11'),
(71, 471, 598, '2023-08-31'),
(72, 277, 523, '2023-10-22'),
(73, 381, 536, '2023-10-07'),
(74, 137, 337, '2023-08-15'),
(75, 314, 691, '2023-06-07'),
(76, 136, 746, '2023-04-06'),
(77, 165, 40, '2023-11-08'),
(78, 94, 872, '2023-07-12'),
(79, 194, 340, '2023-07-07'),
(80, 284, 697, '2023-05-17'),
(81, 337, 114, '2022-12-29'),
(82, 88, 27, '2023-01-20'),
(83, 351, 685, '2023-07-31'),
(84, 400, 749, '2023-01-16'),
(85, 337, 309, '2023-04-02'),
(86, 434, 411, '2022-12-12'),
(87, 278, 346, '2023-07-26'),
(88, 42, 228, '2023-03-12'),
(89, 387, 744, '2023-06-09'),
(90, 63, 339, '2022-12-04'),
(91, 416, 503, '2023-10-21'),
(92, 406, 973, '2023-04-08'),
(93, 317, 388, '2023-11-05'),
(94, 109, 770, '2023-10-16'),
(95, 239, 682, '2023-03-21'),
(96, 442, 271, '2023-05-16'),
(97, 103, 123, '2023-03-27'),
(98, 314, 44, '2023-09-26'),
(99, 200, 928, '2023-01-07'),
(100, 141, 272, '2023-05-28');

-- --------------------------------------------------------

--
-- Table structure for table `courses`
--

CREATE TABLE `courses` (
  `course_id` int(11) NOT NULL,
  `course_name` varchar(255) NOT NULL,
  `description` text DEFAULT NULL,
  `duration` int(11) DEFAULT NULL,
  `certification_type` varchar(50) DEFAULT NULL,
  `instructor_id` int(11) DEFAULT NULL,
  `price` decimal(10,2) DEFAULT NULL,
  `start_date` date DEFAULT NULL
) ENGINE=InnoDB DEFAULT CHARSET=utf8mb4 COLLATE=utf8mb4_general_ci;

--
-- Dumping data for table `courses`
--

INSERT INTO `courses` (`course_id`, `course_name`, `description`, `duration`, `certification_type`, `instructor_id`, `price`, `start_date`) VALUES
(1, 'Geography', 'A cozy and inviting bungalow', 6, 'Language', 19, 0.00, '2022-05-06'),
(2, 'Biology', 'A rustic cabin surrounded by mountains', 4, 'Science', 32, 0.00, '2022-01-19'),
(3, 'Mathematics', 'A contemporary townhouse with rooftop terrace', 5, 'Language', 10, 0.00, '2022-04-25'),
(4, 'Art', 'A stylish loft with exposed brick walls', 4, 'Science', 24, 0.00, '2023-03-17'),
(5, 'Art', 'A modern and spacious apartment in the city center', 5, 'History', 41, 0.00, '2022-10-22'),
(6, 'Mathematics', 'A contemporary townhouse with rooftop terrace', 5, 'Language', 46, 0.00, '2023-08-18'),
(7, 'Art', 'A cozy cottage nestled in the woods', 3, 'Science', 5, 0.00, '2023-01-11'),
(8, 'Biology', 'A tranquil lakeside retreat', 5, 'Language', 34, 0.00, '2022-07-21'),
(9, 'Art', 'A luxurious villa with a private pool', 5, 'Mathematics', 18, 0.00, '2022-01-04'),
(10, 'Geography', 'A stylish loft with exposed brick walls', 6, 'Science', 37, 0.00, '2023-08-13'),
(11, 'Art', 'A rustic cabin surrounded by mountains', 4, 'Language', 49, 0.00, '2022-03-21'),
(12, 'Geography', 'A modern and spacious apartment in the city center', 6, 'History', 50, 0.00, '2023-09-26'),
(13, 'History', 'A breathtaking view of the ocean', 5, 'Art', 13, 0.00, '2022-04-09'),
(14, 'Art', 'A cozy cottage nestled in the woods', 5, 'Language', 14, 0.00, '2023-09-26'),
(15, 'Physical Education', 'A breathtaking view of the ocean', 6, 'Science', 20, 0.00, '2022-10-16'),
(16, 'Geography', 'A tranquil lakeside retreat', 6, 'Mathematics', 32, 0.00, '2023-03-10'),
(17, 'Physics', 'A luxurious villa with a private pool', 5, 'Language', 1, 0.00, '2023-09-03'),
(18, 'Computer Science', 'A cozy and inviting bungalow', 3, 'Art', 43, 0.00, '2022-10-21'),
(19, 'Music', 'A modern and spacious apartment in the city center', 5, 'Science', 25, 0.00, '2023-04-04'),
(20, 'Music', 'A charming farmhouse with a beautiful garden', 3, 'Art', 30, 0.00, '2022-12-01'),
(21, 'Biology', 'A charming farmhouse with a beautiful garden', 4, 'Science', 19, 0.00, '2022-03-04'),
(22, 'Physical Education', 'A breathtaking view of the ocean', 3, 'Art', 33, 0.00, '2022-08-03'),
(23, 'Music', 'A luxurious villa with a private pool', 5, 'Science', 16, 0.00, '2023-09-13'),
(24, 'Chemistry', 'A breathtaking view of the ocean', 6, 'Mathematics', 11, 0.00, '2022-03-06'),
(25, 'Computer Science', 'A modern and spacious apartment in the city center', 3, 'Art', 37, 0.00, '2023-04-16'),
(26, 'Music', 'A tranquil lakeside retreat', 4, 'History', 40, 0.00, '2023-09-03'),
(27, 'Physics', 'A breathtaking view of the ocean', 6, 'Science', 22, 0.00, '2023-02-04'),
(28, 'Art', 'A rustic cabin surrounded by mountains', 3, 'Mathematics', 10, 0.00, '2022-01-28'),
(29, 'Biology', 'A cozy and inviting bungalow', 4, 'History', 46, 0.00, '2022-04-03'),
(30, 'English', 'A stylish loft with exposed brick walls', 6, 'History', 21, 0.00, '2023-05-11'),
(31, 'Biology', 'A luxurious villa with a private pool', 4, 'Language', 33, 0.00, '2023-07-09'),
(32, 'Music', 'A modern and spacious apartment in the city center', 3, 'Mathematics', 7, 0.00, '2023-04-17'),
(33, 'Music', 'A modern and spacious apartment in the city center', 5, 'Language', 16, 0.00, '2022-02-04'),
(34, 'Chemistry', 'A modern and spacious apartment in the city center', 5, 'Language', 50, 0.00, '2022-10-03'),
(35, 'Physics', 'A charming farmhouse with a beautiful garden', 3, 'Art', 26, 0.00, '2022-07-18'),
(36, 'Music', 'A cozy and inviting bungalow', 6, 'Mathematics', 45, 0.00, '2023-06-03'),
(37, 'Physical Education', 'A luxurious villa with a private pool', 5, 'Science', 26, 0.00, '2023-05-02'),
(38, 'English', 'A luxurious villa with a private pool', 4, 'Art', 2, 0.00, '2022-06-19'),
(39, 'Physics', 'A tranquil lakeside retreat', 6, 'Language', 16, 0.00, '2023-04-18'),
(40, 'Geography', 'A luxurious villa with a private pool', 6, 'Language', 49, 0.00, '2022-03-26'),
(41, 'Biology', 'A luxurious villa with a private pool', 4, 'History', 4, 0.00, '2022-05-15'),
(42, 'Physics', 'A luxurious villa with a private pool', 3, 'Art', 41, 0.00, '2022-02-24'),
(43, 'Geography', 'A stylish loft with exposed brick walls', 4, 'Art', 16, 0.00, '2023-06-22'),
(44, 'Computer Science', 'A contemporary townhouse with rooftop terrace', 3, 'History', 41, 0.00, '2023-03-13'),
(45, 'English', 'A cozy and inviting bungalow', 4, 'History', 30, 0.00, '2022-04-13'),
(46, 'Physics', 'A luxurious villa with a private pool', 3, 'Mathematics', 28, 0.00, '2023-07-22'),
(47, 'Mathematics', 'A breathtaking view of the ocean', 5, 'Science', 1, 0.00, '2023-08-06'),
(48, 'Computer Science', 'A charming farmhouse with a beautiful garden', 4, 'Art', 12, 0.00, '2023-09-22'),
(49, 'History', 'A breathtaking view of the ocean', 3, 'Mathematics', 23, 0.00, '2022-01-10'),
(50, 'Computer Science', 'A cozy and inviting bungalow', 3, 'Art', 48, 0.00, '2022-10-20'),
(51, 'Art', 'A cozy and inviting bungalow', 6, 'Mathematics', 25, 0.00, '2022-01-25'),
(52, 'English', 'A modern and spacious apartment in the city center', 3, 'Science', 4, 0.00, '2022-04-06'),
(53, 'Computer Science', 'A rustic cabin surrounded by mountains', 4, 'Art', 34, 0.00, '2023-05-11'),
(54, 'Art', 'A tranquil lakeside retreat', 6, 'Language', 11, 0.00, '2022-07-08'),
(55, 'Chemistry', 'A breathtaking view of the ocean', 4, 'History', 12, 0.00, '2023-04-21'),
(56, 'Physics', 'A contemporary townhouse with rooftop terrace', 6, 'Mathematics', 38, 0.00, '2023-05-20'),
(57, 'Chemistry', 'A luxurious villa with a private pool', 3, 'Art', 44, 0.00, '2022-01-02'),
(58, 'Chemistry', 'A breathtaking view of the ocean', 5, 'Language', 8, 0.00, '2023-04-06'),
(59, 'History', 'A breathtaking view of the ocean', 6, 'Art', 2, 0.00, '2023-01-25'),
(60, 'Art', 'A luxurious villa with a private pool', 5, 'Mathematics', 40, 0.00, '2022-11-08'),
(61, 'History', 'A cozy cottage nestled in the woods', 3, 'Art', 40, 0.00, '2022-01-05'),
(62, 'Physical Education', 'A breathtaking view of the ocean', 5, 'Science', 4, 0.00, '2022-02-19'),
(63, 'Art', 'A breathtaking view of the ocean', 5, 'Art', 31, 0.00, '2023-04-08'),
(64, 'Chemistry', 'A breathtaking view of the ocean', 6, 'Mathematics', 29, 0.00, '2023-06-05'),
(65, 'Mathematics', 'A contemporary townhouse with rooftop terrace', 6, 'Art', 28, 0.00, '2023-01-16'),
(66, 'Chemistry', 'A luxurious villa with a private pool', 5, 'Mathematics', 18, 0.00, '2022-09-25'),
(67, 'Computer Science', 'A modern and spacious apartment in the city center', 4, 'Mathematics', 5, 0.00, '2023-07-01'),
(68, 'English', 'A rustic cabin surrounded by mountains', 6, 'Art', 36, 0.00, '2022-01-05'),
(69, 'Art', 'A stylish loft with exposed brick walls', 6, 'Mathematics', 30, 0.00, '2022-09-14'),
(70, 'Geography', 'A cozy cottage nestled in the woods', 5, 'Art', 47, 0.00, '2023-06-09'),
(71, 'English', 'A cozy and inviting bungalow', 4, 'Language', 45, 0.00, '2023-05-02'),
(72, 'Physics', 'A modern and spacious apartment in the city center', 3, 'Mathematics', 4, 0.00, '2022-08-15'),
(73, 'Music', 'A rustic cabin surrounded by mountains', 6, 'History', 8, 0.00, '2022-12-12'),
(74, 'Geography', 'A tranquil lakeside retreat', 4, 'Science', 20, 0.00, '2022-05-20'),
(75, 'Physics', 'A cozy cottage nestled in the woods', 3, 'Language', 44, 0.00, '2023-08-19'),
(76, 'English', 'A contemporary townhouse with rooftop terrace', 3, 'Art', 38, 0.00, '2022-04-07'),
(77, 'Physics', 'A cozy cottage nestled in the woods', 6, 'Mathematics', 33, 0.00, '2023-09-11'),
(78, 'English', 'A contemporary townhouse with rooftop terrace', 6, 'Science', 19, 0.00, '2022-06-09'),
(79, 'Computer Science', 'A tranquil lakeside retreat', 3, 'Art', 22, 0.00, '2023-01-15'),
(80, 'English', 'A breathtaking view of the ocean', 3, 'Language', 29, 0.00, '2022-10-14'),
(81, 'Physics', 'A rustic cabin surrounded by mountains', 6, 'Mathematics', 13, 0.00, '2022-02-24'),
(82, 'Physical Education', 'A tranquil lakeside retreat', 6, 'Language', 25, 0.00, '2022-08-29'),
(83, 'Physical Education', 'A contemporary townhouse with rooftop terrace', 5, 'History', 1, 0.00, '2023-09-04'),
(84, 'Art', 'A rustic cabin surrounded by mountains', 5, 'Mathematics', 47, 0.00, '2023-01-26'),
(85, 'Physical Education', 'A breathtaking view of the ocean', 4, 'Art', 27, 0.00, '2023-09-27'),
(86, 'Chemistry', 'A luxurious villa with a private pool', 5, 'History', 47, 0.00, '2023-09-30'),
(87, 'Physical Education', 'A rustic cabin surrounded by mountains', 6, 'Art', 48, 0.00, '2022-02-01'),
(88, 'Physics', 'A stylish loft with exposed brick walls', 3, 'Language', 10, 0.00, '2022-07-06'),
(89, 'Art', 'A cozy and inviting bungalow', 5, 'Science', 21, 0.00, '2023-10-23'),
(90, 'Chemistry', 'A tranquil lakeside retreat', 5, 'History', 13, 0.00, '2023-08-25'),
(91, 'Mathematics', 'A luxurious villa with a private pool', 5, 'History', 26, 0.00, '2023-05-10'),
(92, 'Art', 'A stylish loft with exposed brick walls', 3, 'Art', 17, 0.00, '2022-06-13'),
(93, 'Physical Education', 'A luxurious villa with a private pool', 4, 'History', 31, 0.00, '2023-08-11'),
(94, 'Geography', 'A contemporary townhouse with rooftop terrace', 4, 'Art', 40, 0.00, '2022-03-13'),
(95, 'History', 'A rustic cabin surrounded by mountains', 4, 'Science', 3, 0.00, '2023-09-04'),
(96, 'Physics', 'A tranquil lakeside retreat', 3, 'Mathematics', 38, 0.00, '2023-06-27'),
(97, 'Physics', 'A tranquil lakeside retreat', 5, 'Art', 27, 0.00, '2022-03-16'),
(98, 'Art', 'A luxurious villa with a private pool', 4, 'Language', 44, 0.00, '2023-05-08'),
(99, 'Physical Education', 'A luxurious villa with a private pool', 4, 'History', 4, 0.00, '2022-03-02'),
(100, 'Computer Science', 'A contemporary townhouse with rooftop terrace', 6, 'Language', 18, 0.00, '2023-03-28'),
(101, 'English', 'A cozy and inviting bungalow', 3, 'Mathematics', 49, 0.00, '2023-05-19'),
(102, 'English', 'A cozy cottage nestled in the woods', 6, 'History', 3, 0.00, '2023-06-10'),
(103, 'Art', 'A tranquil lakeside retreat', 4, 'Language', 20, 0.00, '2022-06-10'),
(104, 'Physics', 'A breathtaking view of the ocean', 5, 'History', 1, 0.00, '2022-09-29'),
(105, 'Music', 'A tranquil lakeside retreat', 5, 'History', 4, 0.00, '2023-03-24'),
(106, 'English', 'A contemporary townhouse with rooftop terrace', 4, 'History', 5, 0.00, '2023-06-11'),
(107, 'Computer Science', 'A luxurious villa with a private pool', 6, 'Language', 28, 0.00, '2023-05-11'),
(108, 'Geography', 'A tranquil lakeside retreat', 3, 'History', 36, 0.00, '2023-04-29'),
(109, 'Music', 'A charming farmhouse with a beautiful garden', 3, 'Science', 20, 0.00, '2022-10-07'),
(110, 'Chemistry', 'A cozy cottage nestled in the woods', 6, 'Language', 1, 0.00, '2022-11-05'),
(111, 'Physical Education', 'A cozy cottage nestled in the woods', 6, 'History', 38, 0.00, '2023-03-25'),
(112, 'Physics', 'A cozy and inviting bungalow', 3, 'Mathematics', 27, 0.00, '2022-05-17'),
(113, 'Mathematics', 'A charming farmhouse with a beautiful garden', 4, 'History', 21, 0.00, '2023-10-06'),
(114, 'Chemistry', 'A breathtaking view of the ocean', 3, 'Art', 4, 0.00, '2022-06-09'),
(115, 'Geography', 'A stylish loft with exposed brick walls', 4, 'Mathematics', 48, 0.00, '2022-05-09'),
(116, 'Art', 'A luxurious villa with a private pool', 6, 'History', 15, 0.00, '2022-10-04'),
(117, 'Physics', 'A cozy cottage nestled in the woods', 4, 'Science', 31, 0.00, '2022-11-24'),
(118, 'Art', 'A charming farmhouse with a beautiful garden', 3, 'Mathematics', 8, 0.00, '2022-03-19'),
(119, 'Art', 'A rustic cabin surrounded by mountains', 5, 'Science', 33, 0.00, '2023-06-14'),
(120, 'Biology', 'A cozy cottage nestled in the woods', 4, 'Mathematics', 34, 0.00, '2022-09-07'),
(121, 'Physical Education', 'A luxurious villa with a private pool', 3, 'History', 32, 0.00, '2023-05-07'),
(122, 'History', 'A tranquil lakeside retreat', 5, 'Language', 41, 0.00, '2023-06-06'),
(123, 'Geography', 'A contemporary townhouse with rooftop terrace', 4, 'Mathematics', 20, 0.00, '2022-06-04'),
(124, 'Art', 'A tranquil lakeside retreat', 5, 'Language', 12, 0.00, '2023-04-08'),
(125, 'Mathematics', 'A charming farmhouse with a beautiful garden', 4, 'Science', 15, 0.00, '2023-09-01'),
(126, 'Mathematics', 'A charming farmhouse with a beautiful garden', 6, 'Mathematics', 50, 0.00, '2022-12-06'),
(127, 'Geography', 'A luxurious villa with a private pool', 5, 'Science', 18, 0.00, '2023-04-23'),
(128, 'History', 'A stylish loft with exposed brick walls', 3, 'Art', 50, 0.00, '2023-05-06'),
(129, 'Physics', 'A modern and spacious apartment in the city center', 5, 'Art', 1, 0.00, '2022-08-14'),
(130, 'English', 'A rustic cabin surrounded by mountains', 3, 'Language', 25, 0.00, '2022-02-25'),
(131, 'History', 'A contemporary townhouse with rooftop terrace', 5, 'Language', 14, 0.00, '2022-06-19'),
(132, 'Geography', 'A cozy cottage nestled in the woods', 5, 'History', 11, 0.00, '2023-09-25'),
(133, 'Biology', 'A contemporary townhouse with rooftop terrace', 3, 'Science', 48, 0.00, '2023-03-01'),
(134, 'Physics', 'A cozy cottage nestled in the woods', 5, 'Science', 36, 0.00, '2023-06-05'),
(135, 'Art', 'A cozy and inviting bungalow', 6, 'Mathematics', 2, 0.00, '2022-01-21'),
(136, 'Art', 'A luxurious villa with a private pool', 3, 'Art', 30, 0.00, '2023-07-22'),
(137, 'Computer Science', 'A cozy and inviting bungalow', 3, 'Mathematics', 15, 0.00, '2022-09-16'),
(138, 'Computer Science', 'A contemporary townhouse with rooftop terrace', 6, 'Art', 43, 0.00, '2023-10-25'),
(139, 'Geography', 'A tranquil lakeside retreat', 3, 'Language', 4, 0.00, '2023-01-11'),
(140, 'History', 'A tranquil lakeside retreat', 6, 'Mathematics', 20, 0.00, '2022-06-15'),
(141, 'Computer Science', 'A rustic cabin surrounded by mountains', 3, 'Science', 22, 0.00, '2022-12-16'),
(142, 'Physics', 'A charming farmhouse with a beautiful garden', 5, 'Mathematics', 35, 0.00, '2022-08-01'),
(143, 'Biology', 'A cozy and inviting bungalow', 4, 'Art', 43, 0.00, '2022-09-19'),
(144, 'Computer Science', 'A cozy cottage nestled in the woods', 4, 'Art', 27, 0.00, '2023-05-28'),
(145, 'Mathematics', 'A luxurious villa with a private pool', 4, 'History', 39, 0.00, '2022-04-13'),
(146, 'Music', 'A luxurious villa with a private pool', 6, 'Language', 48, 0.00, '2023-01-10'),
(147, 'Geography', 'A cozy cottage nestled in the woods', 6, 'Science', 28, 0.00, '2023-03-17'),
(148, 'Music', 'A contemporary townhouse with rooftop terrace', 4, 'Language', 27, 0.00, '2023-05-17'),
(149, 'Physical Education', 'A breathtaking view of the ocean', 6, 'Art', 41, 0.00, '2023-05-29'),
(150, 'Art', 'A stylish loft with exposed brick walls', 6, 'Art', 15, 0.00, '2022-06-02'),
(151, 'Physics', 'A cozy and inviting bungalow', 4, 'Art', 15, 0.00, '2023-07-18'),
(152, 'Art', 'A stylish loft with exposed brick walls', 4, 'Art', 24, 0.00, '2022-12-04'),
(153, 'Chemistry', 'A luxurious villa with a private pool', 3, 'Science', 10, 0.00, '2023-05-26'),
(154, 'Biology', 'A contemporary townhouse with rooftop terrace', 6, 'Art', 3, 0.00, '2022-05-19'),
(155, 'Art', 'A contemporary townhouse with rooftop terrace', 6, 'Language', 25, 0.00, '2022-07-24'),
(156, 'English', 'A breathtaking view of the ocean', 4, 'History', 6, 0.00, '2022-12-29'),
(157, 'Geography', 'A cozy and inviting bungalow', 3, 'Language', 42, 0.00, '2023-05-05'),
(158, 'English', 'A charming farmhouse with a beautiful garden', 5, 'Art', 17, 0.00, '2023-02-26'),
(159, 'Biology', 'A rustic cabin surrounded by mountains', 3, 'History', 15, 0.00, '2023-10-04'),
(160, 'Mathematics', 'A stylish loft with exposed brick walls', 4, 'Science', 40, 0.00, '2023-07-01'),
(161, 'Biology', 'A contemporary townhouse with rooftop terrace', 5, 'Art', 25, 0.00, '2022-08-05'),
(162, 'Chemistry', 'A stylish loft with exposed brick walls', 4, 'Mathematics', 49, 0.00, '2022-06-27'),
(163, 'Biology', 'A charming farmhouse with a beautiful garden', 3, 'Language', 4, 0.00, '2023-09-18'),
(164, 'Computer Science', 'A stylish loft with exposed brick walls', 6, 'Science', 2, 0.00, '2023-07-23'),
(165, 'Physics', 'A cozy cottage nestled in the woods', 6, 'History', 47, 0.00, '2023-03-22'),
(166, 'Music', 'A breathtaking view of the ocean', 6, 'History', 21, 0.00, '2022-11-07'),
(167, 'English', 'A rustic cabin surrounded by mountains', 4, 'Language', 22, 0.00, '2023-04-08'),
(168, 'Computer Science', 'A luxurious villa with a private pool', 3, 'Science', 44, 0.00, '2023-04-07'),
(169, 'Music', 'A stylish loft with exposed brick walls', 6, 'Art', 18, 0.00, '2022-08-30'),
(170, 'Geography', 'A cozy cottage nestled in the woods', 5, 'Art', 29, 0.00, '2022-10-31'),
(171, 'Biology', 'A rustic cabin surrounded by mountains', 4, 'Science', 1, 0.00, '2023-05-25'),
(172, 'Mathematics', 'A stylish loft with exposed brick walls', 5, 'Mathematics', 10, 0.00, '2022-12-11'),
(173, 'Geography', 'A charming farmhouse with a beautiful garden', 5, 'History', 23, 0.00, '2022-04-19'),
(174, 'Computer Science', 'A charming farmhouse with a beautiful garden', 6, 'Science', 24, 0.00, '2022-06-24'),
(175, 'Biology', 'A contemporary townhouse with rooftop terrace', 6, 'Language', 8, 0.00, '2022-01-23'),
(176, 'Physical Education', 'A stylish loft with exposed brick walls', 6, 'History', 25, 0.00, '2022-02-04'),
(177, 'Music', 'A cozy cottage nestled in the woods', 6, 'Science', 47, 0.00, '2022-06-30'),
(178, 'Biology', 'A breathtaking view of the ocean', 4, 'Mathematics', 48, 0.00, '2023-06-29'),
(179, 'Biology', 'A cozy and inviting bungalow', 5, 'History', 2, 0.00, '2022-09-12'),
(180, 'Physics', 'A rustic cabin surrounded by mountains', 4, 'Language', 50, 0.00, '2022-04-01'),
(181, 'History', 'A luxurious villa with a private pool', 4, 'Science', 8, 0.00, '2023-07-22'),
(182, 'Art', 'A tranquil lakeside retreat', 3, 'History', 16, 0.00, '2023-10-02'),
(183, 'Chemistry', 'A breathtaking view of the ocean', 3, 'Art', 42, 0.00, '2022-05-06'),
(184, 'English', 'A contemporary townhouse with rooftop terrace', 3, 'Language', 34, 0.00, '2022-08-17'),
(185, 'Mathematics', 'A cozy and inviting bungalow', 6, 'Science', 30, 0.00, '2023-02-13'),
(186, 'Mathematics', 'A charming farmhouse with a beautiful garden', 6, 'Mathematics', 35, 0.00, '2023-03-03'),
(187, 'Physical Education', 'A luxurious villa with a private pool', 4, 'Language', 50, 0.00, '2022-11-08'),
(188, 'Geography', 'A luxurious villa with a private pool', 5, 'History', 26, 0.00, '2022-04-29'),
(189, 'Music', 'A breathtaking view of the ocean', 6, 'History', 17, 0.00, '2023-07-13'),
(190, 'Physics', 'A cozy and inviting bungalow', 6, 'Language', 15, 0.00, '2022-10-20'),
(191, 'Geography', 'A charming farmhouse with a beautiful garden', 4, 'Mathematics', 18, 0.00, '2023-06-22'),
(192, 'Music', 'A cozy and inviting bungalow', 3, 'History', 42, 0.00, '2023-09-18'),
(193, 'Physical Education', 'A cozy and inviting bungalow', 5, 'Art', 5, 0.00, '2022-02-22'),
(194, 'Music', 'A contemporary townhouse with rooftop terrace', 3, 'Science', 11, 0.00, '2022-05-25'),
(195, 'Mathematics', 'A tranquil lakeside retreat', 6, 'Art', 22, 0.00, '2023-01-23'),
(196, 'English', 'A tranquil lakeside retreat', 3, 'Science', 29, 0.00, '2022-09-14'),
(197, 'Physical Education', 'A modern and spacious apartment in the city center', 5, 'Language', 25, 0.00, '2022-04-24'),
(198, 'Art', 'A tranquil lakeside retreat', 5, 'History', 12, 0.00, '2023-05-08'),
(199, 'Chemistry', 'A stylish loft with exposed brick walls', 3, 'Language', 47, 0.00, '2023-01-25'),
(200, 'English', 'A cozy cottage nestled in the woods', 4, 'Science', 48, 0.00, '2023-09-23');

-- --------------------------------------------------------

--
-- Table structure for table `course_completion`
--

CREATE TABLE `course_completion` (
  `course_completion_id` int(11) NOT NULL,
  `user_id` int(11) DEFAULT NULL,
  `course_id` int(11) DEFAULT NULL,
  `completion_date` date DEFAULT NULL
) ENGINE=InnoDB DEFAULT CHARSET=utf8mb4 COLLATE=utf8mb4_general_ci;

--
-- Dumping data for table `course_completion`
--

INSERT INTO `course_completion` (`course_completion_id`, `user_id`, `course_id`, `completion_date`) VALUES
(1, 329, 119, '2023-03-21'),
(2, 128, 189, '2023-08-09'),
(3, 340, 115, '2023-03-23'),
(4, 20, 110, '2023-06-10'),
(5, 477, 64, '2022-11-25'),
(6, 346, 105, '2023-06-01'),
(7, 472, 176, '2023-08-08'),
(8, 359, 71, '2023-09-18'),
(9, 378, 132, '2023-02-15'),
(10, 54, 64, '2023-09-02'),
(11, 450, 187, '2023-07-12'),
(12, 118, 9, '2023-03-13'),
(13, 471, 116, '2023-11-09'),
(14, 52, 73, '2023-11-02'),
(15, 349, 62, '2023-03-20'),
(16, 478, 139, '2023-10-21'),
(17, 261, 122, '2023-10-06'),
(18, 143, 62, '2023-07-10'),
(19, 108, 14, '2023-09-11'),
(20, 469, 199, '2023-07-18'),
(21, 74, 21, '2023-04-04'),
(22, 40, 64, '2023-11-10'),
(23, 466, 188, '2022-11-14'),
(24, 275, 189, '2023-10-04'),
(25, 6, 6, '2023-08-11'),
(26, 355, 85, '2022-12-22'),
(27, 311, 79, '2023-05-27'),
(28, 267, 61, '2023-01-02'),
(29, 337, 17, '2023-06-13'),
(30, 233, 63, '2023-08-31'),
(31, 434, 119, '2023-01-06'),
(32, 23, 37, '2023-11-07'),
(33, 211, 136, '2023-07-21'),
(35, 218, 25, '2023-01-23'),
(36, 53, 135, '2023-10-03'),
(37, 372, 176, '2023-07-15'),
(38, 66, 160, '2023-10-21'),
(39, 196, 164, '2023-08-05'),
(40, 129, 200, '2023-04-21'),
(41, 429, 175, '2023-05-17'),
(42, 118, 4, '2023-03-30'),
(43, 71, 153, '2023-06-01'),
(44, 454, 151, '2023-07-26'),
(45, 145, 78, '2023-06-11'),
(46, 345, 44, '2023-06-24'),
(47, 120, 119, '2022-11-29'),
(48, 26, 134, '2023-09-24'),
(49, 375, 102, '2023-08-23'),
(50, 24, 30, '2023-04-30');

-- --------------------------------------------------------

--
-- Table structure for table `enrollments`
--

CREATE TABLE `enrollments` (
  `enrollment_id` int(11) NOT NULL,
  `user_id` int(11) DEFAULT NULL,
  `course_id` int(11) DEFAULT NULL,
  `enrollment_date` date DEFAULT NULL
) ENGINE=InnoDB DEFAULT CHARSET=utf8mb4 COLLATE=utf8mb4_general_ci;

--
-- Dumping data for table `enrollments`
--

INSERT INTO `enrollments` (`enrollment_id`, `user_id`, `course_id`, `enrollment_date`) VALUES
(1, 32, 14, '2023-11-26'),
(2, 496, 108, '2023-05-27'),
(3, 109, 15, '2022-09-10'),
(4, 214, 2, '2022-07-07'),
(5, 470, 37, '2023-02-04'),
(6, 176, 53, '2023-05-30'),
(7, 387, 2, '2022-10-09'),
(8, 250, 11, '2023-01-08'),
(9, 102, 43, '2022-07-22'),
(10, 197, 67, '2023-06-21'),
(11, 173, 2, '2023-06-19'),
(12, 120, 85, '2022-02-27'),
(13, 192, 88, '2023-04-15'),
(14, 318, 112, '2023-11-01'),
(15, 5, 191, '2022-01-11'),
(16, 92, 154, '2023-04-06'),
(17, 166, 56, '2023-02-10'),
(18, 365, 141, '2022-04-12'),
(19, 343, 14, '2022-02-06'),
(20, 40, 177, '2022-01-07'),
(21, 198, 55, '2022-09-01'),
(22, 413, 29, '2022-09-22'),
(23, 253, 28, '2023-03-31'),
(24, 192, 78, '2023-11-10'),
(25, 261, 145, '2023-02-22'),
(26, 70, 84, '2022-08-02'),
(27, 204, 96, '2023-06-18'),
(28, 230, 180, '2023-08-31'),
(29, 133, 49, '2023-05-07'),
(30, 246, 95, '2022-09-05'),
(31, 244, 151, '2022-04-19'),
(32, 284, 112, '2022-03-26'),
(33, 356, 170, '2022-06-11'),
(34, 15, 83, '2023-04-03'),
(35, 267, 143, '2023-07-24'),
(36, 85, 155, '2022-03-15'),
(37, 135, 134, '2022-05-20'),
(38, 466, 3, '2022-09-04'),
(39, 420, 109, '2022-08-19'),
(40, 401, 169, '2022-12-12'),
(41, 285, 63, '2023-08-30'),
(42, 155, 38, '2022-11-08'),
(43, 205, 66, '2023-09-28'),
(44, 334, 36, '2023-06-25'),
(45, 340, 4, '2023-05-18'),
(46, 448, 197, '2022-07-21'),
(47, 120, 34, '2023-06-18'),
(48, 90, 137, '2022-09-21'),
(49, 7, 200, '2022-06-05'),
(50, 445, 176, '2023-10-29'),
(51, 47, 50, '2022-05-22'),
(52, 240, 10, '2022-09-20'),
(53, 491, 174, '2023-06-28'),
(54, 46, 161, '2023-06-04'),
(55, 158, 169, '2023-02-20'),
(56, 194, 105, '2023-03-16'),
(57, 428, 147, '2022-03-05'),
(58, 357, 4, '2022-06-18'),
(59, 245, 60, '2022-01-25'),
(60, 481, 103, '2022-10-18'),
(61, 261, 35, '2022-10-16'),
(62, 142, 103, '2023-10-24'),
(63, 33, 35, '2023-02-24'),
(64, 226, 9, '2022-08-27'),
(65, 185, 198, '2023-04-28'),
(66, 190, 167, '2022-02-07'),
(67, 340, 70, '2022-02-23'),
(68, 214, 56, '2022-02-20'),
(69, 101, 44, '2023-09-01'),
(70, 145, 148, '2023-07-13'),
(71, 425, 1, '2022-09-10'),
(72, 174, 181, '2022-10-28'),
(73, 356, 130, '2023-04-24'),
(74, 414, 24, '2023-10-24'),
(75, 341, 61, '2022-12-06'),
(76, 279, 143, '2023-07-30'),
(77, 185, 171, '2023-01-27'),
(78, 461, 129, '2023-03-25'),
(79, 219, 131, '2022-05-10'),
(80, 104, 101, '2022-11-15'),
(81, 280, 57, '2022-04-06'),
(82, 60, 87, '2023-09-27'),
(83, 35, 163, '2022-08-05'),
(84, 211, 63, '2023-06-18'),
(85, 241, 34, '2022-05-20'),
(86, 397, 76, '2022-03-27'),
(87, 472, 162, '2022-12-30'),
(88, 476, 43, '2023-09-05'),
(89, 160, 91, '2023-10-24'),
(90, 181, 53, '2022-06-01'),
(91, 260, 17, '2022-07-03'),
(92, 209, 101, '2022-02-07'),
(93, 95, 180, '2022-04-20'),
(94, 79, 67, '2022-06-27'),
(95, 325, 74, '2022-12-29'),
(96, 459, 96, '2022-09-04'),
(97, 328, 118, '2023-05-22'),
(98, 240, 177, '2023-08-01'),
(99, 229, 36, '2022-12-25'),
(100, 474, 68, '2022-03-22'),
(101, 286, 140, '2022-03-30'),
(102, 33, 11, '2023-11-26');

-- --------------------------------------------------------

--
-- Table structure for table `instructors`
--

CREATE TABLE `instructors` (
  `instructor_id` int(11) NOT NULL,
  `instructor_name` varchar(255) NOT NULL,
  `expertise` text DEFAULT NULL,
  `bio` text DEFAULT NULL
) ENGINE=InnoDB DEFAULT CHARSET=utf8mb4 COLLATE=utf8mb4_general_ci;

--
-- Dumping data for table `instructors`
--

INSERT INTO `instructors` (`instructor_id`, `instructor_name`, `expertise`, `bio`) VALUES
(1, 'John Smith', 'Advanced', 'Dedicated to fostering critical thinking and problem-solving skills.'),
(2, 'Instructor 1', 'Expertise 1', 'Bio for Instructor 1'),
(3, 'Instructor 2', 'Expertise 2', 'Bio for Instructor 2'),
(4, 'Emily Johnson', 'Expert', 'Expertise in curriculum development and instructional design.'),
(5, 'Christopher Thomas', 'Expert', 'Skilled in using technology to enhance learning experiences.'),
(6, 'Ryan Lewis', 'Expert', 'Known for creating a positive and inclusive learning environment.'),
(7, 'Daniel Anderson', 'Expert', 'Dedicated to fostering critical thinking and problem-solving skills.'),
(8, 'Daniel Anderson', 'Expert', 'Experienced lecturer with a passion for teaching and mentoring students.'),
(9, 'John Smith', 'Advanced', 'Recipient of multiple teaching excellence awards.'),
(10, 'Matthew Garcia', 'Advanced', 'Known for creating a positive and inclusive learning environment.'),
(11, 'Elizabeth Brown', 'Advanced', 'Strong communication and presentation skills.'),
(12, 'Elizabeth Brown', 'Expert', 'Strong communication and presentation skills.'),
(13, 'Matthew Garcia', 'Expert', 'Skilled in using technology to enhance learning experiences.'),
(14, 'David Wilson', 'Expert', 'Specializes in delivering engaging lectures and facilitating interactive discussions.'),
(15, 'David Wilson', 'Advanced', 'Recipient of multiple teaching excellence awards.'),
(16, 'Jessica Martinez', 'Advanced', 'Skilled in using technology to enhance learning experiences.'),
(17, 'Christopher Thomas', 'Expert', 'Recipient of multiple teaching excellence awards.'),
(18, 'Laura Miller', 'Expert', 'Expertise in curriculum development and instructional design.'),
(19, 'Emily Johnson', 'Expert', 'Expertise in curriculum development and instructional design.'),
(20, 'Sarah Thompson', 'Advanced', 'Experienced lecturer with a passion for teaching and mentoring students.'),
(21, 'Christopher Thomas', 'Expert', 'Experienced lecturer with a passion for teaching and mentoring students.'),
(22, 'Michael Davis', 'Expert', 'Expertise in curriculum development and instructional design.'),
(23, 'Christopher Thomas', 'Advanced', 'Experienced lecturer with a passion for teaching and mentoring students.'),
(24, 'Daniel Anderson', 'Expert', 'Brings real-world industry experience to the classroom.'),
(25, 'Andrew Hernandez', 'Advanced', 'Skilled in using technology to enhance learning experiences.'),
(26, 'Sarah Thompson', 'Advanced', 'Specializes in delivering engaging lectures and facilitating interactive discussions.'),
(27, 'Matthew Garcia', 'Advanced', 'Expertise in curriculum development and instructional design.'),
(28, 'Ryan Lewis', 'Expert', 'Skilled in using technology to enhance learning experiences.'),
(29, 'Jennifer Taylor', 'Expert', 'Known for creating a positive and inclusive learning environment.'),
(30, 'Christopher Thomas', 'Expert', 'Recipient of multiple teaching excellence awards.'),
(31, 'David Wilson', 'Advanced', 'Strong communication and presentation skills.'),
(32, 'Emily Johnson', 'Advanced', 'Specializes in delivering engaging lectures and facilitating interactive discussions.'),
(33, 'Jennifer Taylor', 'Expert', 'Brings real-world industry experience to the classroom.'),
(34, 'Laura Miller', 'Advanced', 'Recipient of multiple teaching excellence awards.'),
(35, 'Ryan Lewis', 'Expert', 'Skilled in using technology to enhance learning experiences.'),
(36, 'Michael Davis', 'Advanced', 'Strong communication and presentation skills.'),
(37, 'John Smith', 'Expert', 'Recipient of multiple teaching excellence awards.'),
(38, 'David Wilson', 'Advanced', 'Published author in the field of education.'),
(39, 'Michael Davis', 'Advanced', 'Dedicated to fostering critical thinking and problem-solving skills.'),
(40, 'Christopher Thomas', 'Advanced', 'Strong communication and presentation skills.'),
(41, 'Laura Miller', 'Advanced', 'Published author in the field of education.'),
(42, 'Ryan Lewis', 'Expert', 'Expertise in curriculum development and instructional design.'),
(43, 'Christopher Thomas', 'Advanced', 'Recipient of multiple teaching excellence awards.'),
(44, 'Daniel Anderson', 'Advanced', 'Strong communication and presentation skills.'),
(45, 'Jessica Martinez', 'Expert', 'Strong communication and presentation skills.'),
(46, 'Elizabeth Brown', 'Advanced', 'Brings real-world industry experience to the classroom.'),
(47, 'Ryan Lewis', 'Expert', 'Dedicated to fostering critical thinking and problem-solving skills.'),
(48, 'Andrew Hernandez', 'Advanced', 'Recipient of multiple teaching excellence awards.'),
(49, 'John Smith', 'Advanced', 'Strong communication and presentation skills.'),
(50, 'Laura Miller', 'Advanced', 'Recipient of multiple teaching excellence awards.');

-- --------------------------------------------------------

--
-- Table structure for table `job_application`
--

CREATE TABLE `job_application` (
  `application_id` int(11) NOT NULL,
  `job_id` int(11) DEFAULT NULL,
  `user_id` int(11) DEFAULT NULL,
  `application_date` date DEFAULT NULL
) ENGINE=InnoDB DEFAULT CHARSET=utf8mb4 COLLATE=utf8mb4_general_ci;

--
-- Dumping data for table `job_application`
--

INSERT INTO `job_application` (`application_id`, `job_id`, `user_id`, `application_date`) VALUES
(1, 5, 64, '2023-11-26'),
(2, 61, 260, '2023-01-01'),
(3, 92, 52, '2022-09-21'),
(4, 77, 115, '2023-07-21'),
(5, 57, 62, '2023-03-23'),
(6, 9, 133, '2022-10-20'),
(7, 29, 231, '2022-07-09'),
(8, 90, 176, '2023-05-13'),
(9, 81, 253, '2023-01-27'),
(10, 53, 198, '2023-08-01'),
(11, 96, 357, '2023-07-16'),
(12, 48, 71, '2022-08-09'),
(13, 19, 320, '2022-11-09'),
(14, 20, 360, '2023-02-22'),
(15, 49, 230, '2023-01-16'),
(16, 95, 307, '2023-01-14'),
(17, 77, 361, '2022-10-01'),
(18, 59, 58, '2023-05-13'),
(19, 84, 123, '2023-03-11'),
(20, 87, 165, '2023-02-06'),
(21, 20, 268, '2023-01-17'),
(22, 84, 15, '2022-11-27'),
(23, 93, 119, '2023-07-29'),
(24, 44, 425, '2023-09-22'),
(25, 22, 468, '2023-05-15'),
(26, 98, 436, '2022-05-29'),
(27, 8, 498, '2022-07-25'),
(28, 15, 439, '2022-08-25'),
(29, 64, 380, '2023-06-29'),
(30, 16, 113, '2023-10-25'),
(31, 87, 29, '2023-02-28'),
(32, 84, 236, '2023-10-18'),
(33, 33, 45, '2023-02-28'),
(34, 3, 213, '2023-08-17'),
(35, 63, 260, '2023-11-13'),
(36, 83, 30, '2023-10-26'),
(37, 49, 225, '2022-08-21'),
(38, 83, 165, '2023-02-11'),
(39, 100, 358, '2022-12-13'),
(40, 46, 171, '2023-09-29'),
(41, 93, 43, '2022-11-18'),
(42, 34, 193, '2022-11-10'),
(43, 75, 158, '2023-01-25'),
(44, 92, 88, '2022-06-06'),
(45, 73, 46, '2023-08-22'),
(46, 70, 249, '2023-09-19'),
(47, 70, 4, '2023-01-01'),
(48, 41, 62, '2023-03-20'),
(49, 12, 299, '2023-08-13'),
(50, 13, 366, '2022-11-01'),
(51, 76, 467, '2022-10-25'),
(52, 72, 52, '2023-02-07'),
(53, 64, 491, '2022-12-14'),
(54, 59, 465, '2022-11-04'),
(55, 68, 455, '2022-07-18'),
(56, 94, 414, '2023-08-06'),
(57, 57, 68, '2023-01-11'),
(58, 60, 315, '2022-09-18'),
(59, 90, 206, '2023-09-05'),
(60, 71, 90, '2022-06-27'),
(61, 46, 289, '2023-03-23'),
(62, 77, 296, '2023-05-10'),
(63, 38, 243, '2022-06-15'),
(64, 72, 247, '2022-07-12'),
(65, 48, 83, '2023-02-16'),
(66, 28, 377, '2023-04-18'),
(67, 95, 154, '2023-05-22'),
(68, 78, 340, '2022-12-03'),
(69, 98, 123, '2022-10-05'),
(70, 80, 160, '2022-12-16'),
(71, 78, 444, '2023-06-29'),
(72, 3, 144, '2022-09-19'),
(73, 6, 440, '2023-03-01'),
(74, 2, 359, '2022-09-12'),
(75, 92, 277, '2022-12-04'),
(76, 21, 142, '2023-08-04'),
(77, 25, 459, '2023-07-01'),
(78, 94, 440, '2023-07-17'),
(79, 31, 269, '2023-06-14'),
(80, 48, 60, '2023-07-14'),
(81, 31, 362, '2023-06-11'),
(82, 97, 76, '2022-11-29'),
(83, 22, 317, '2022-10-23'),
(84, 68, 105, '2023-05-16'),
(85, 89, 489, '2023-07-02'),
(86, 13, 111, '2023-02-26'),
(87, 21, 375, '2023-06-10'),
(88, 49, 180, '2023-07-27'),
(89, 60, 323, '2022-11-19'),
(90, 80, 49, '2023-10-30'),
(91, 62, 94, '2023-10-17'),
(92, 80, 441, '2023-04-29'),
(93, 79, 183, '2022-08-16'),
(94, 58, 23, '2022-10-01'),
(95, 21, 175, '2022-10-28'),
(96, 10, 63, '2022-11-09'),
(97, 14, 353, '2023-08-31'),
(98, 73, 34, '2023-04-05'),
(99, 80, 27, '2023-07-22'),
(100, 77, 318, '2023-03-12'),
(101, 75, 116, '2022-09-05'),
(102, 5, 100, '2023-11-26'),
(103, 5, 100, '2023-11-26'),
(104, 32, 45, '2023-11-26'),
(105, 32, 45, '2023-11-26'),
(106, 32, 45, '2023-11-26'),
(107, 32, 31, '2023-11-26');

-- --------------------------------------------------------

--
-- Table structure for table `job_listings`
--

CREATE TABLE `job_listings` (
  `job_id` int(11) NOT NULL,
  `job_title` varchar(255) NOT NULL,
  `company_name` varchar(255) DEFAULT NULL,
  `job_description` text DEFAULT NULL,
  `location` varchar(255) DEFAULT NULL,
  `salary` decimal(10,2) DEFAULT NULL,
  `expiry_date` date DEFAULT NULL,
  `contact_email` varchar(255) DEFAULT NULL,
  `contact_phone` varchar(20) DEFAULT NULL
) ENGINE=InnoDB DEFAULT CHARSET=utf8mb4 COLLATE=utf8mb4_general_ci;

--
-- Dumping data for table `job_listings`
--

INSERT INTO `job_listings` (`job_id`, `job_title`, `company_name`, `job_description`, `location`, `salary`, `expiry_date`, `contact_email`, `contact_phone`) VALUES
(1, 'Web Developer', 'Tech Co.', 'Seeking a skilled web developer to join our team.', 'Cityville', 70000.00, '2023-03-01', 'jobs@techco.com', '+123456789'),
(2, 'Software Engineer', 'InnoTech', 'Looking for software engineers with experience in Java.', 'Techland', 80000.00, '2023-03-15', 'jobs@innotech.com', '+987654321'),
(3, 'Librarian', 'Bluezoom', 'Morbi non quam nec dui luctus rutrum.', '73 Stephen Drive', 0.00, '0000-00-00', 'tvinau2@rambler.ru', '947-254-7723'),
(4, 'Food Chemist', 'Zooxo', 'Integer pede justo, lacinia eget, tincidunt eget, tempus vel, pede.', '54397 Eastwood Crossing', 0.00, '0000-00-00', 'amarzello3@abc.net.au', '322-116-3488'),
(5, 'Programmer Analyst IV', 'Trupe', 'Morbi a ipsum.', '23 Green Ridge Drive', 0.00, '0000-00-00', 'mmingardo4@cmu.edu', '667-722-0771'),
(6, 'GIS Technical Architect', 'Blogpad', 'In congue.', '4 Prairie Rose Center', 0.00, '0000-00-00', 'cmartynikhin5@ow.ly', '213-805-0144'),
(7, 'Help Desk Operator', 'Aimbu', 'Aenean fermentum.', '68804 Bayside Lane', 0.00, '0000-00-00', 'tshermar6@japanpost.jp', '111-712-5086'),
(8, 'Marketing Assistant', 'Jetwire', 'Fusce consequat.', '0840 Darwin Parkway', 0.00, '0000-00-00', 'nhackforth7@hostgator.com', '219-519-7906'),
(9, 'Professor', 'Fanoodle', 'Praesent blandit lacinia erat.', '566 Forest Run Center', 0.00, '0000-00-00', 'jcraine8@myspace.com', '628-495-0766'),
(10, 'Staff Scientist', 'Skipstorm', 'Curabitur convallis.', '81706 Florence Circle', 0.00, '0000-00-00', 'rswenson9@youtube.com', '327-482-6001'),
(11, 'Account Coordinator', 'Thoughtsphere', 'Quisque porta volutpat erat.', '6 Linden Place', 0.00, '0000-00-00', 'iwrightema@liveinternet.ru', '124-850-9427'),
(12, 'Junior Executive', 'Tanoodle', 'Nulla suscipit ligula in lacus.', '16 Schmedeman Plaza', 0.00, '0000-00-00', 'fdurstonb@example.com', '547-971-2605'),
(13, 'Internal Auditor', 'Blogtags', 'In eleifend quam a odio.', '53037 Fieldstone Way', 0.00, '0000-00-00', 'pjaysc@blogger.com', '745-183-6051'),
(14, 'Account Executive', 'Mydeo', 'Proin leo odio, porttitor id, consequat in, consequat ut, nulla.', '5526 Tennyson Road', 0.00, '0000-00-00', 'kroed@digg.com', '980-729-9050'),
(15, 'GIS Technical Architect', 'Tazz', 'Fusce congue, diam id ornare imperdiet, sapien urna pretium nisl, ut volutpat sapien arcu sed augue.', '34 Dottie Alley', 0.00, '0000-00-00', 'sollertone@imageshack.us', '510-528-7295'),
(16, 'Senior Developer', 'Dabfeed', 'Maecenas tristique, est et tempus semper, est quam pharetra magna, ac consequat metus sapien ut nunc.', '631 Barby Road', 0.00, '0000-00-00', 'dburmanf@geocities.com', '567-430-8327'),
(17, 'Geologist I', 'Linktype', 'Nulla nisl.', '1 Hazelcrest Drive', 0.00, '0000-00-00', 'cjaszczakg@tiny.cc', '196-305-1511'),
(18, 'Automation Specialist II', 'Youspan', 'Nullam sit amet turpis elementum ligula vehicula consequat.', '6771 Red Cloud Center', 0.00, '0000-00-00', 'ljoseburyh@baidu.com', '121-346-2253'),
(19, 'VP Quality Control', 'Meevee', 'Duis mattis egestas metus.', '12744 Main Point', 0.00, '0000-00-00', 'lgilsoni@usatoday.com', '300-359-5994'),
(20, 'Operator', 'Thoughtsphere', 'Etiam vel augue.', '49696 Redwing Crossing', 0.00, '0000-00-00', 'aleistj@altervista.org', '912-475-2718'),
(21, 'Clinical Specialist', 'Blogpad', 'Nulla mollis molestie lorem.', '442 Burrows Point', 0.00, '0000-00-00', 'eticklek@weather.com', '901-810-5484'),
(22, 'Financial Analyst', 'Eabox', 'Mauris sit amet eros.', '5 Autumn Leaf Drive', 0.00, '0000-00-00', 'scampanal@163.com', '210-579-9692'),
(23, 'Account Representative II', 'Riffpedia', 'Proin risus.', '49068 Daystar Hill', 0.00, '0000-00-00', 'rjanochm@go.com', '456-421-5308'),
(24, 'Desktop Support Technician', 'Tagcat', 'Maecenas tristique, est et tempus semper, est quam pharetra magna, ac consequat metus sapien ut nunc.', '781 Canary Point', 0.00, '0000-00-00', 'kpervoen@51.la', '645-667-4770'),
(25, 'Systems Administrator II', 'Meevee', 'Sed sagittis.', '88 Loeprich Junction', 0.00, '0000-00-00', 'cbarsbyo@imdb.com', '252-997-8144'),
(26, 'Mechanical Systems Engineer', 'Skimia', 'Fusce posuere felis sed lacus.', '82 Crest Line Center', 0.00, '0000-00-00', 'kmcindoep@tamu.edu', '177-476-1439'),
(27, 'Social Worker', 'Plajo', 'Praesent lectus.', '0 Hanson Road', 0.00, '0000-00-00', 'dizonq@myspace.com', '131-413-4789'),
(28, 'Account Coordinator', 'Quimba', 'Phasellus in felis.', '81178 1st Avenue', 0.00, '0000-00-00', 'gtorrecillar@cmu.edu', '724-877-9250'),
(29, 'Payment Adjustment Coordinator', 'Devpulse', 'Aliquam sit amet diam in magna bibendum imperdiet.', '1 Stuart Parkway', 0.00, '0000-00-00', 'fmanvilles@instagram.com', '512-942-4652'),
(30, 'Web Designer III', 'Jaxspan', 'Nulla facilisi.', '689 Hoffman Circle', 0.00, '0000-00-00', 'mjamrowiczt@technorati.com', '462-571-4462'),
(31, 'Senior Developer', 'Photojam', 'Vivamus vestibulum sagittis sapien.', '8205 Susan Road', 0.00, '0000-00-00', 'mnunanu@barnesandnoble.com', '153-236-3684'),
(32, 'Marketing Assistant', 'Fliptune', 'Morbi quis tortor id nulla ultrices aliquet.', '1 Harbort Alley', 0.00, '0000-00-00', 'aleckeyv@taobao.com', '858-197-0491'),
(33, 'Senior Sales Associate', 'Browsetype', 'Proin leo odio, porttitor id, consequat in, consequat ut, nulla.', '8220 Charing Cross Hill', 0.00, '0000-00-00', 'mmilmithw@omniture.com', '439-630-1916'),
(34, 'Quality Control Specialist', 'Kazio', 'Vivamus vestibulum sagittis sapien.', '79545 Katie Avenue', 0.00, '0000-00-00', 'zreynaldsx@slate.com', '832-392-3925'),
(35, 'Sales Representative', 'Skimia', 'Praesent blandit lacinia erat.', '07 Butterfield Street', 0.00, '0000-00-00', 'ksaveryy@rakuten.co.jp', '252-990-2487'),
(36, 'Registered Nurse', 'DabZ', 'Nulla tempus.', '9 Paget Hill', 0.00, '0000-00-00', 'dphilcottz@imgur.com', '523-545-8740'),
(37, 'VP Sales', 'Thoughtsphere', 'Morbi vestibulum, velit id pretium iaculis, diam erat fermentum justo, nec condimentum neque sapien placerat ante.', '91 Sloan Center', 0.00, '0000-00-00', 'mcozby10@cnet.com', '179-438-2508'),
(38, 'Nurse Practicioner', 'Bubblebox', 'Pellentesque at nulla.', '3 Namekagon Junction', 0.00, '0000-00-00', 'cwyley11@cdc.gov', '476-949-7945'),
(39, 'VP Quality Control', 'Demizz', 'In eleifend quam a odio.', '86 Sachtjen Parkway', 0.00, '0000-00-00', 'edryburgh12@mashable.com', '584-786-1464'),
(40, 'Project Manager', 'Twitterworks', 'Nulla ut erat id mauris vulputate elementum.', '14510 Arizona Terrace', 0.00, '0000-00-00', 'aleitche13@xrea.com', '856-109-0675'),
(41, 'Civil Engineer', 'Ooba', 'Nulla ac enim.', '5 Annamark Hill', 0.00, '0000-00-00', 'wtweedle14@miibeian.gov.cn', '100-376-5614'),
(42, 'GIS Technical Architect', 'Kwideo', 'Proin interdum mauris non ligula pellentesque ultrices.', '8 International Junction', 0.00, '0000-00-00', 'bdanielli15@eepurl.com', '943-436-6424'),
(43, 'Social Worker', 'Babblestorm', 'Curabitur at ipsum ac tellus semper interdum.', '6 Dryden Alley', 0.00, '0000-00-00', 'rgalletley16@ifeng.com', '965-446-0236'),
(44, 'Compensation Analyst', 'Thoughtbridge', 'Proin interdum mauris non ligula pellentesque ultrices.', '1999 Nelson Avenue', 0.00, '0000-00-00', 'wrollingson17@privacy.gov.au', '553-891-5759'),
(45, 'Sales Representative', 'Innotype', 'Nam ultrices, libero non mattis pulvinar, nulla pede ullamcorper augue, a suscipit nulla elit ac nulla.', '3 Nova Hill', 0.00, '0000-00-00', 'rbentje18@fda.gov', '138-235-2357'),
(46, 'VP Sales', 'Fatz', 'Phasellus sit amet erat.', '95518 Katie Junction', 0.00, '0000-00-00', 'msawers19@squarespace.com', '486-535-8382'),
(47, 'Software Consultant', 'Zoonder', 'Vestibulum ante ipsum primis in faucibus orci luctus et ultrices posuere cubilia Curae; Mauris viverra diam vitae quam.', '89702 Kingsford Avenue', 0.00, '0000-00-00', 'fdegowe1a@boston.com', '941-372-6196'),
(48, 'VP Sales', 'Zoombox', 'Integer non velit.', '840 Fuller Alley', 0.00, '0000-00-00', 'eelphee1b@reverbnation.com', '737-563-9519'),
(49, 'Health Coach III', 'Jaxworks', 'Suspendisse potenti.', '863 Jenna Terrace', 0.00, '0000-00-00', 'cbalazs1c@php.net', '101-900-6574'),
(50, 'Administrative Assistant I', 'Topicware', 'Nulla tempus.', '549 Grim Parkway', 0.00, '0000-00-00', 'saubery1d@google.com.au', '929-462-6162'),
(51, 'Programmer II', 'Topicstorm', 'Vivamus vel nulla eget eros elementum pellentesque.', '40 Manitowish Court', 0.00, '0000-00-00', 'ishotter1e@e-recht24.de', '612-263-2467'),
(52, 'Administrative Officer', 'Rhynoodle', 'In quis justo.', '7854 High Crossing Street', 0.00, '0000-00-00', 'kakeherst1f@51.la', '292-905-0516'),
(53, 'Food Chemist', 'Lajo', 'In hac habitasse platea dictumst.', '77 Pleasure Circle', 0.00, '0000-00-00', 'afullagar1g@liveinternet.ru', '714-915-4493'),
(54, 'Occupational Therapist', 'Twitterwire', 'Nulla mollis molestie lorem.', '2 Johnson Point', 0.00, '0000-00-00', 'spottberry1h@smh.com.au', '526-427-9485'),
(55, 'Director of Sales', 'Meedoo', 'Nulla neque libero, convallis eget, eleifend luctus, ultricies eu, nibh.', '70 Arapahoe Crossing', 0.00, '0000-00-00', 'stenny1i@whitehouse.gov', '427-792-7137'),
(56, 'Accounting Assistant II', 'Twimbo', 'In sagittis dui vel nisl.', '8016 Menomonie Plaza', 0.00, '0000-00-00', 'croantree1j@springer.com', '506-988-9062'),
(57, 'Accounting Assistant IV', 'Thoughtmix', 'Ut at dolor quis odio consequat varius.', '5 Laurel Plaza', 0.00, '0000-00-00', 'aharteley1k@surveymonkey.com', '997-605-9656'),
(58, 'Analyst Programmer', 'Teklist', 'Vivamus vestibulum sagittis sapien.', '84 Brentwood Trail', 0.00, '0000-00-00', 'isanders1l@cmu.edu', '810-651-6747'),
(59, 'Accountant I', 'Mudo', 'Nullam orci pede, venenatis non, sodales sed, tincidunt eu, felis.', '79126 Gale Place', 0.00, '0000-00-00', 'ktorrisi1m@dot.gov', '254-207-3404'),
(60, 'Internal Auditor', 'Ainyx', 'Integer ac neque.', '7 Coleman Junction', 0.00, '0000-00-00', 'espavon1n@theguardian.com', '741-148-5344'),
(61, 'Actuary', 'Quire', 'In blandit ultrices enim.', '6525 Buell Street', 0.00, '0000-00-00', 'hitzchaky1o@addthis.com', '919-953-7463'),
(62, 'Systems Administrator I', 'Chatterbridge', 'Phasellus id sapien in sapien iaculis congue.', '900 Hansons Street', 0.00, '0000-00-00', 'bhinze1p@sakura.ne.jp', '518-304-3933'),
(63, 'Structural Analysis Engineer', 'Tagopia', 'Mauris lacinia sapien quis libero.', '82323 Lakewood Gardens Alley', 0.00, '0000-00-00', 'htite1q@wordpress.com', '297-860-2539'),
(64, 'Operator', 'Vidoo', 'Curabitur at ipsum ac tellus semper interdum.', '429 Melvin Circle', 0.00, '0000-00-00', 'mkeller1r@lycos.com', '162-804-1653'),
(65, 'Senior Financial Analyst', 'Photobug', 'Vestibulum ante ipsum primis in faucibus orci luctus et ultrices posuere cubilia Curae; Donec pharetra, magna vestibulum aliquet ultrices, erat tortor sollicitudin mi, sit amet lobortis sapien sapien non mi.', '2 American Ash Center', 0.00, '0000-00-00', 'edelacote1s@amazon.co.jp', '142-496-7283'),
(66, 'Research Assistant III', 'Chatterbridge', 'Suspendisse ornare consequat lectus.', '07 Briar Crest Junction', 0.00, '0000-00-00', 'devetts1t@xinhuanet.com', '776-664-5534'),
(67, 'Accounting Assistant III', 'Twitterwire', 'Maecenas rhoncus aliquam lacus.', '040 Prairie Rose Center', 0.00, '0000-00-00', 'vsaltman1u@nasa.gov', '849-189-5992'),
(68, 'Programmer Analyst I', 'Jazzy', 'Vestibulum sed magna at nunc commodo placerat.', '82391 Westridge Hill', 0.00, '0000-00-00', 'fcouche1v@prweb.com', '750-812-3801'),
(69, 'Assistant Manager', 'Twinder', 'Aenean fermentum.', '9 Straubel Plaza', 0.00, '0000-00-00', 'mloadman1w@ow.ly', '857-820-2575'),
(70, 'Programmer III', 'Vitz', 'Etiam pretium iaculis justo.', '96 Buena Vista Center', 0.00, '0000-00-00', 'jjersh1x@altervista.org', '260-775-0779'),
(71, 'Database Administrator III', 'Realcube', 'Donec odio justo, sollicitudin ut, suscipit a, feugiat et, eros.', '665 Sycamore Terrace', 0.00, '0000-00-00', 'tcettell1y@cocolog-nifty.com', '254-154-8506'),
(72, 'Executive Secretary', 'Fatz', 'Morbi vel lectus in quam fringilla rhoncus.', '110 Dakota Point', 0.00, '0000-00-00', 'eprator1z@accuweather.com', '940-794-8313'),
(73, 'Internal Auditor', 'Brainsphere', 'Morbi non quam nec dui luctus rutrum.', '99728 Stuart Street', 0.00, '0000-00-00', 'rrosenblatt20@spotify.com', '305-968-7790'),
(74, 'Marketing Assistant', 'Quinu', 'Cum sociis natoque penatibus et magnis dis parturient montes, nascetur ridiculus mus.', '41 David Center', 0.00, '0000-00-00', 'sbrenard21@sogou.com', '601-697-4935'),
(75, 'Software Test Engineer III', 'Roomm', 'Cras pellentesque volutpat dui.', '85 Mesta Way', 0.00, '0000-00-00', 'jillem22@godaddy.com', '295-409-2565'),
(76, 'Software Engineer I', 'Yadel', 'Curabitur convallis.', '792 Express Park', 0.00, '0000-00-00', 'rbridgement23@arstechnica.com', '611-449-2455'),
(77, 'Recruiting Manager', 'Voolith', 'Lorem ipsum dolor sit amet, consectetuer adipiscing elit.', '053 Mcguire Hill', 0.00, '0000-00-00', 'lbritton24@sina.com.cn', '797-681-9408'),
(78, 'Research Associate', 'Meejo', 'Phasellus id sapien in sapien iaculis congue.', '3336 Arizona Hill', 0.00, '0000-00-00', 'kvongladbach25@weibo.com', '257-478-4059'),
(79, 'Developer III', 'Eimbee', 'Vestibulum ante ipsum primis in faucibus orci luctus et ultrices posuere cubilia Curae; Donec pharetra, magna vestibulum aliquet ultrices, erat tortor sollicitudin mi, sit amet lobortis sapien sapien non mi.', '0 Blaine Park', 0.00, '0000-00-00', 'asweedy26@tumblr.com', '657-228-9557'),
(80, 'Nurse', 'Wikizz', 'In hac habitasse platea dictumst.', '6498 Kedzie Avenue', 0.00, '0000-00-00', 'hfollet27@about.me', '547-490-5105'),
(81, 'Safety Technician III', 'Gabcube', 'Nunc purus.', '776 5th Crossing', 0.00, '0000-00-00', 'gillingworth28@unc.edu', '460-279-9571'),
(82, 'Accounting Assistant IV', 'Yotz', 'Praesent id massa id nisl venenatis lacinia.', '5 Pepper Wood Avenue', 0.00, '0000-00-00', 'imartins29@nih.gov', '711-654-6281'),
(83, 'Health Coach I', 'Wordify', 'Vestibulum quam sapien, varius ut, blandit non, interdum in, ante.', '84949 Troy Place', 0.00, '0000-00-00', 'rscales2a@va.gov', '274-511-5676'),
(84, 'Recruiting Manager', 'Blogtag', 'Vestibulum ante ipsum primis in faucibus orci luctus et ultrices posuere cubilia Curae; Nulla dapibus dolor vel est.', '13 Erie Court', 0.00, '0000-00-00', 'dleving2b@freewebs.com', '147-720-1463'),
(85, 'Mechanical Systems Engineer', 'Brightdog', 'Praesent blandit.', '85 School Way', 0.00, '0000-00-00', 'gluesley2c@arstechnica.com', '544-619-4431'),
(86, 'Paralegal', 'Linklinks', 'Etiam pretium iaculis justo.', '7 North Point', 0.00, '0000-00-00', 'klettsom2d@google.ca', '480-421-6313'),
(87, 'Computer Systems Analyst I', 'Bluejam', 'In est risus, auctor sed, tristique in, tempus sit amet, sem.', '78593 Glacier Hill Crossing', 0.00, '0000-00-00', 'mosharkey2e@w3.org', '331-375-6910'),
(88, 'Information Systems Manager', 'Viva', 'Fusce congue, diam id ornare imperdiet, sapien urna pretium nisl, ut volutpat sapien arcu sed augue.', '65295 Straubel Plaza', 0.00, '0000-00-00', 'bminor2f@nhs.uk', '928-140-0444'),
(89, 'Financial Analyst', 'Dynabox', 'Mauris sit amet eros.', '12 Eagan Pass', 0.00, '0000-00-00', 'vdrover2g@uol.com.br', '529-545-2244'),
(90, 'Administrative Officer', 'Thoughtblab', 'Nam dui.', '6849 Comanche Court', 0.00, '0000-00-00', 'arihosek2h@bluehost.com', '598-165-0659'),
(91, 'Media Manager II', 'Blogspan', 'Duis aliquam convallis nunc.', '81 Carioca Avenue', 0.00, '0000-00-00', 'smulvany2i@java.com', '972-281-5997'),
(92, 'Legal Assistant', 'Fivespan', 'Nullam molestie nibh in lectus.', '515 Old Shore Circle', 0.00, '0000-00-00', 'alohan2j@ucoz.com', '835-148-3275'),
(93, 'Food Chemist', 'Oyondu', 'Curabitur in libero ut massa volutpat convallis.', '4 Waywood Avenue', 0.00, '0000-00-00', 'bkleinstein2k@histats.com', '425-642-0596'),
(94, 'Social Worker', 'Skimia', 'Aliquam non mauris.', '82693 Anthes Plaza', 0.00, '0000-00-00', 'cfucher2l@msn.com', '983-547-6216'),
(95, 'Chemical Engineer', 'Oba', 'Nulla mollis molestie lorem.', '35 Tennyson Way', 0.00, '0000-00-00', 'fsponton2m@vimeo.com', '130-527-7046'),
(96, 'Technical Writer', 'Devify', 'Ut tellus.', '087 Sutherland Hill', 0.00, '0000-00-00', 'mclare2n@shareasale.com', '743-796-7134'),
(97, 'Help Desk Operator', 'Edgeify', 'Duis aliquam convallis nunc.', '08874 Charing Cross Point', 0.00, '0000-00-00', 'averring2o@miitbeian.gov.cn', '497-770-9828'),
(98, 'Sales Representative', 'Minyx', 'Nulla neque libero, convallis eget, eleifend luctus, ultricies eu, nibh.', '072 Kings Alley', 0.00, '0000-00-00', 'stippett2p@businessweek.com', '130-964-7821'),
(99, 'Account Executive', 'Oyoyo', 'Nam congue, risus semper porta volutpat, quam pede lobortis ligula, sit amet eleifend pede libero quis orci.', '9455 Thierer Drive', 0.00, '0000-00-00', 'ninmett2q@booking.com', '215-796-9659'),
(100, 'Help Desk Operator', 'Blogspan', 'Aenean fermentum.', '58 Blaine Pass', 0.00, '0000-00-00', 'aperet2r@wikispaces.com', '561-768-5600');

-- --------------------------------------------------------

--
-- Table structure for table `users`
--

CREATE TABLE `users` (
  `user_id` int(11) NOT NULL,
  `username` varchar(255) NOT NULL,
  `password` varchar(255) NOT NULL,
  `email` varchar(255) NOT NULL,
  `user_role` varchar(20) NOT NULL
) ENGINE=InnoDB DEFAULT CHARSET=utf8mb4 COLLATE=utf8mb4_general_ci;

--
-- Dumping data for table `users`
--

INSERT INTO `users` (`user_id`, `username`, `password`, `email`, `user_role`) VALUES
(2, 'instructor_user', 'hashed_password_2', 'instructor@example.com', 'instructor'),
(3, 'student_user', 'hashed_password_3', 'student@example.com', 'candidate'),
(4, 'abrumen3', 'dC8}SIu&Vavg', 'mantoney3@theguardian.com', 'candidate'),
(5, 'dgadeaux4', 'qA1#~/95jFc_qSl', 'jminigo4@mediafire.com', 'job seeker'),
(6, 'tscoggins5', 'mK6%RfA+ziJpgU~q', 'bradsdale5@sina.com.cn', 'job seeker'),
(7, 'ebuchanan6', 'cU7}i<\\9A}', 'slaminman6@chron.com', 'job seeker'),
(8, 'drabbage7', 'vG0%c\'gol', 'sdengate7@adobe.com', 'job seeker'),
(9, 'bbutter8', 'uJ1}`66qGs9UX.*D', 'fgoldie8@networkadvertising.org', 'job seeker'),
(10, 'egrigoriev9', 'cN3~P>`&', 'agorvin9@opensource.org', 'instructor'),
(11, 'wsetha', 'kY0)C.+0', 'rduffetta@goo.ne.jp', 'job seeker'),
(12, 'kgeorgesonb', 'tN6}xKfNS$#q', 'fjonkb@so-net.ne.jp', 'instructor'),
(13, 'lgersonc', 'wY8&5M2w9', 'hcruisec@china.com.cn', 'candidate'),
(14, 'ffentyd', 'oC4<z|K.!!.=H)a~', 'peddoesd@php.net', 'job seeker'),
(15, 'gstacye', 'uK5\'.=d5>$aW', 'vbayname@shop-pro.jp', 'candidate'),
(16, 'ocufleyf', 'rB3+=ex9', 'cblakelyf@bloomberg.com', 'job seeker'),
(17, 'vsturmeyg', 'dX9%fygaM+<', 'cmallaboneg@hexun.com', 'job seeker'),
(18, 'nsilcoxh', 'xM5,\'6Zu}W>A*', 'wflanaghanh@printfriendly.com', 'job seeker'),
(19, 'patcocki', 'aC7/vdyI}a!_Y\\', 'jspriggeni@tamu.edu', 'candidate'),
(20, 'swillimontj', 'sT8*wj,/J%et!Ks3', 'plestrangej@t.co', 'candidate'),
(21, 'sbruckerk', 'pL6\\euO>J{29', 'ncomiamk@ustream.tv', 'job seeker'),
(22, 'sluckhaml', 'mC6#8IM.Z5O', 'lvandenboschl@jigsy.com', 'instructor'),
(23, 'ccoulstonm', 'sR1>,TO(9FnOJj', 'mallchinm@geocities.jp', 'instructor'),
(24, 'khayfordn', 'mJ9!uX\\P_&c&=z', 'aspondleyn@cbsnews.com', 'instructor'),
(25, 'nhenrysono', 'gR8$8{=*a|Qu$I', 'dshufflebothamo@senate.gov', 'candidate'),
(26, 'aeldrittp', 'bZ8{kv6FfGA0', 'ewannp@ow.ly', 'candidate'),
(27, 'gwaiteq', 'dO3|V\"Mo9_.t4L2G', 'wthysq@mit.edu', 'job seeker'),
(28, 'dheatheringtonr', 'rK3~jo#Vwy9C', 'jstannardr@technorati.com', 'job seeker'),
(29, 'ekhristoforovs', 'wL0$u1eK', 'msurmans@cnet.com', 'instructor'),
(30, 'nodoghertyt', 'hL4),E.QxE3', 'tgregrt@homestead.com', 'candidate'),
(31, 'mtatumu', 'tS2<4ODYyl\\', 'cstentonu@alibaba.com', 'job seeker'),
(32, 'cclutramv', 'sW6)Qd=z&BhW`', 'sgaltonv@slate.com', 'instructor'),
(33, 'agiacopettiw', 'hN9=MCuhCIH,tEWo', 'bshotboltw@upenn.edu', 'candidate'),
(34, 'noxbex', 'bI3,=`P$zrld(/3W', 'dlafflingx@shop-pro.jp', 'candidate'),
(35, 'rhavilly', 'eH9%7S)CC}', 'sponcety@sun.com', 'candidate'),
(36, 'cbaumz', 'hA6+P88*NB', 'ldarchz@ftc.gov', 'instructor'),
(37, 'dmerrin10', 'mT4@N4=bBod&~`', 'gsiemianowicz10@apache.org', 'candidate'),
(38, 'chitzke11', 'xU2#<<~<>=Rh@', 'tbrise11@purevolume.com', 'candidate'),
(39, 'cfahrenbach12', 'pH4<+JIQMNhe.&T~', 'dheady12@disqus.com', 'job seeker'),
(40, 'rburstow13', 'hX1_3@<a_+JZI', 'ihurndall13@photobucket.com', 'instructor'),
(41, 'rlefeaver14', 'tZ8.9tF~M/tI\'\\s', 'vminmagh14@php.net', 'job seeker'),
(42, 'egossage15', 'bT5/y=``.A!i7j!n', 'bgrolle15@sbwire.com', 'job seeker'),
(43, 'igurg16', 'uV3=>~K&S%QC', 'rdosdell16@symantec.com', 'instructor'),
(44, 'pcribbott17', 'cE5\\X.nzx\"\"gQi$', 'gbuyers17@youtube.com', 'candidate'),
(45, 'arofe18', 'cV8{)<U7Zw3l', 'zoxburgh18@dailymotion.com', 'job seeker'),
(46, 'mduckitt19', 'cT1,C`1vB&wgdeyY', 'eschleicher19@fc2.com', 'job seeker'),
(47, 'nboomes1a', 'lA2$V1mCa<UsZ', 'pfaireclough1a@nasa.gov', 'candidate'),
(48, 'ashinn1b', 'jD3?#1x3', 'bfetters1b@pbs.org', 'candidate'),
(49, 'jkeetch1c', 'iX0~!o=Z6s', 'jkastel1c@pen.io', 'instructor'),
(50, 'cvannini1d', 'eM9/b_gr$I*\'r', 'amayou1d@feedburner.com', 'job seeker'),
(51, 'govise1e', 'wL6&4%fkgc#~', 'nwillerstone1e@omniture.com', 'instructor'),
(52, 'tpilmore1f', 'iM1~>mh7', 'hricardin1f@smh.com.au', 'candidate'),
(53, 'gconelly1g', 'lI4+.J)Zo}<iK', 'jcaulton1g@last.fm', 'candidate'),
(54, 'dashness1h', 'wH8~Uhbfi', 'jstreater1h@webnode.com', 'job seeker'),
(55, 'ady1i', 'qD9\'SqWWWb4', 'cdecourcey1i@ed.gov', 'instructor'),
(56, 'ktrimbey1j', 'mO0&G@>Ci*l,', 'shoy1j@vistaprint.com', 'job seeker'),
(57, 'gcarbry1k', 'gY5#BqM23e#w!g1', 'tbeckey1k@statcounter.com', 'job seeker'),
(58, 'kmacaulay1l', 'bI6~2)|d=P', 'gdickinson1l@google.com.au', 'candidate'),
(59, 'rnicholes1m', 'eT0>~E{so', 'mpickerell1m@usgs.gov', 'job seeker'),
(60, 'tcalcraft1n', 'yR6(*>YC#3=D', 'apenwright1n@123-reg.co.uk', 'instructor'),
(61, 'tshoebrook1o', 'zU7(=U}s//u', 'tpattisson1o@github.com', 'instructor'),
(62, 'slafford1p', 'bO3%6Tb\\#', 'delham1p@va.gov', 'candidate'),
(63, 'rlenham1q', 'aA1|/D\\svjHG&', 'ehobson1q@wikipedia.org', 'candidate'),
(64, 'rquinion1r', 'dJ6,\"X#?G=`3R}', 'mhendricks1r@sohu.com', 'candidate'),
(65, 'cmeegin1s', 'nU0=\"LJle1,w', 'wschechter1s@xing.com', 'instructor'),
(66, 'gdedmam1t', 'qU1=fc57kx7', 'bbillanie1t@hatena.ne.jp', 'job seeker'),
(67, 'tstannas1u', 'zB4_FK,qU!', 'fbulford1u@eventbrite.com', 'instructor'),
(68, 'cmeaddowcroft1v', 'pM0{Rz1Pp9Vi`9', 'aeastmond1v@jalbum.net', 'instructor'),
(69, 'gmatessian1w', 'eS7.|Z_Q)B?w', 'wgantlett1w@bravesites.com', 'job seeker'),
(70, 'bdurbann1x', 'tU6#Y|IZ,&B', 'udunnion1x@oracle.com', 'job seeker'),
(71, 'ccoxwell1y', 'tQ8`~DqSvyCPr+f', 'tpeake1y@google.fr', 'candidate'),
(72, 'ldeignan1z', 'dL4_~D&\\VIyi8EP', 'hhaysey1z@sciencedaily.com', 'instructor'),
(73, 'tsherrington20', 'eK7~VccCC', 'zcurnock20@rediff.com', 'candidate'),
(74, 'djagielski21', 'pY4%ZwGy)\"6Y\'G', 'ebuxy21@columbia.edu', 'job seeker'),
(75, 'dcleobury22', 'dR9\'A(\\(?V*YH{QH', 'cwhichelow22@mtv.com', 'job seeker'),
(76, 'ltomsu23', 'aO4&4qJ`E~', 'erabbitts23@mit.edu', 'instructor'),
(77, 'alenihan24', 'gC9\'*X4>B31=aeW/', 'sdictus24@cam.ac.uk', 'job seeker'),
(78, 'vabbis25', 'tY8#.HA6<o8BuGE`', 'bpedroni25@elpais.com', 'job seeker'),
(79, 'gtrye26', 'vK8>.cKrHd\\YZ?M', 'clissett26@biglobe.ne.jp', 'instructor'),
(80, 'hcollop27', 'pK9?zjScv,S>\"bRi', 'abeek27@disqus.com', 'job seeker'),
(81, 'mrunacres28', 'lA7#_LVu@}WW+V', 'spenny28@wired.com', 'instructor'),
(82, 'bboecke29', 'lK3$U)b,', 'abillie29@dailymotion.com', 'job seeker'),
(83, 'ekliche2a', 'nS9)6BdM', 'sgirodias2a@latimes.com', 'candidate'),
(84, 'hcassel2b', 'gI4+LnQI,&`', 'dvandijk2b@php.net', 'candidate'),
(85, 'dposkitt2c', 'qC7\"l4}aJSav\'(', 'izanussii2c@npr.org', 'job seeker'),
(86, 'amarshalleck2d', 'pL3*\"w4pg~7>Y', 'bgrinaway2d@wunderground.com', 'instructor'),
(87, 'acossell2e', 'aU1*bZnx@X', 'apymer2e@wikispaces.com', 'job seeker'),
(88, 'mrugieri2f', 'fP3~+V8z(<AP', 'talwood2f@slate.com', 'instructor'),
(89, 'singarfield2g', 'yO6#X86h_b+Npsh', 'bwaugh2g@mashable.com', 'instructor'),
(90, 'cdiego2h', 'uC0{o`JL~|FM\\#i$', 'shegg2h@mapy.cz', 'instructor'),
(91, 'alibrey2i', 'vT6&P1/yPe+6ORGx', 'mmatthews2i@thetimes.co.uk', 'job seeker'),
(92, 'aheyworth2j', 'nI1&EQ/hC39}u~sR', 'sdeverill2j@dot.gov', 'candidate'),
(93, 'jhards2k', 'aT7*AcRb8!', 'fofihily2k@google.cn', 'candidate'),
(94, 'arissen2l', 'pU1?jalvC(1$#', 'jreddel2l@blogtalkradio.com', 'candidate'),
(95, 'ereasce2m', 'zR2>Epi~I', 'gniemiec2m@printfriendly.com', 'job seeker'),
(96, 'kmocker2n', 'dG8>u54vRMm\'V~CG', 'kmatessian2n@discuz.net', 'job seeker'),
(97, 'mheffernon2o', 'jE3_F*(fUVT', 'cdowdle2o@unesco.org', 'candidate'),
(98, 'vgosling2p', 'mH4}AR5hRdP\\7', 'brodson2p@google.fr', 'job seeker'),
(99, 'mjefferies2q', 'vZ7#~W2=<EF', 'lfriday2q@cmu.edu', 'candidate'),
(100, 'gcrispe2r', 'nY3?(t.I', 'tdubble2r@auda.org.au', 'instructor'),
(101, 'brace2s', 'hT5*m<&Uj$T@', 'hemery2s@businessweek.com', 'candidate'),
(102, 'ccourson2t', 'tL8?c,w>HnZg|gd', 'faloshkin2t@unc.edu', 'instructor'),
(103, 'sseemmonds2u', 'gR1)~{<oBjrYzXqd', 'erossbrook2u@dagondesign.com', 'job seeker'),
(104, 'gnevin2v', 'dF3%%(p*1\"PLMS', 'akenward2v@flavors.me', 'instructor'),
(105, 'hwray2w', 'cI2\'D0s_06D$#', 'miacovides2w@gov.uk', 'candidate'),
(106, 'icooch2x', 'hO4_cm,*i&?!GA', 'dharriman2x@hibu.com', 'instructor'),
(107, 'fblacktin2y', 'zD0\"L?GAP2m$2D', 'mliddiard2y@cocolog-nifty.com', 'candidate'),
(108, 'frankling2z', 'pK6$p2K6YA5+zAH', 'bchinnock2z@ibm.com', 'candidate'),
(109, 'pstaniland30', 'kR4\'C{@>pwOD\"Dr', 'llemmon30@phpbb.com', 'candidate'),
(110, 'dyglesia31', 'lF1&2Gla!ge)=v0e', 'hdudgeon31@furl.net', 'instructor'),
(111, 'dkemery32', 'wT0*TJtE&aTHe(aJ', 'tsturges32@amazonaws.com', 'job seeker'),
(112, 'breffe33', 'mL4<SF?W~*1)rk\'', 'oallard33@princeton.edu', 'candidate'),
(113, 'skorb34', 'hV9_~7l*@1u<6_q', 'fgiroldo34@weather.com', 'candidate'),
(114, 'gmenere35', 'cG5%ij=eV!R', 'pjerome35@mit.edu', 'instructor'),
(115, 'tgraver36', 'qI4`x/7A*BR8', 'grevington36@mysql.com', 'job seeker'),
(116, 'rvanhault37', 'oS7*o>vs_s', 'bnemchinov37@topsy.com', 'instructor'),
(117, 'pbillings38', 'dL0<k=_mc7\"7B', 'jhymans38@cpanel.net', 'candidate'),
(118, 'rstanggjertsen39', 'qP2!4NKp9', 'pkeeffe39@jugem.jp', 'candidate'),
(119, 'bfrancescone3a', 'eB4}}nlQ', 'slubeck3a@squidoo.com', 'candidate'),
(120, 'cabrahams3b', 'gE3+brSP9j<K', 'khaisell3b@naver.com', 'instructor'),
(121, 'apimm3c', 'cA4&89Zy~G', 'hkinge3c@nhs.uk', 'job seeker'),
(122, 'ebrimner3d', 'pR1|I\"A!L6zL3%?!', 'iabethell3d@shutterfly.com', 'candidate'),
(123, 'asnaden3e', 'qP4!3$0p', 'grosenbush3e@twitter.com', 'job seeker'),
(124, 'gerrett3f', 'nI9_L=rD', 'hbamsey3f@google.nl', 'candidate'),
(125, 'kmahood3g', 'xF9=ci)\"8', 'tstrick3g@clickbank.net', 'instructor'),
(126, 'galloway3h', 'cA6|MjybOub', 'kikins3h@businessweek.com', 'candidate'),
(127, 'hvarfalameev3i', 'zB8|B1PM5D%W', 'ksomerset3i@miitbeian.gov.cn', 'job seeker'),
(128, 'gerickssen3j', 'wM5,.e}sf=0Vvq', 'abranchflower3j@sphinn.com', 'instructor'),
(129, 'jnovotna3k', 'xN6_4)gFwMD1FcKy', 'rrubinchik3k@squidoo.com', 'job seeker'),
(130, 'korrow3l', 'yJ7)FL\"%WF', 'cambage3l@barnesandnoble.com', 'candidate'),
(131, 'eharflete3m', 'vO9\\$\\8mw0Jv', 'ddumphreys3m@statcounter.com', 'candidate'),
(132, 'azarb3n', 'vL9(DF2$3|}tm(,f', 'lwhitters3n@lulu.com', 'instructor'),
(133, 'drosthorn3o', 'iF1\"X{tO({<{\\}', 'cbramer3o@foxnews.com', 'job seeker'),
(134, 'cjanecek3p', 'zL5\'9L?Ft_MC0%(#', 'gfahey3p@about.me', 'job seeker'),
(135, 'rcull3q', 'bC6<dp09lU', 'jlesieur3q@msu.edu', 'instructor'),
(136, 'gkeeves3r', 'pB0_DPK$dykCqf', 'nskellern3r@scribd.com', 'instructor'),
(137, 'gverrell3s', 'hA1=zPrF', 'lberardt3s@economist.com', 'candidate'),
(138, 'rmeller3t', 'hT5?GFuDE!>', 'ccaslett3t@desdev.cn', 'job seeker'),
(139, 'sbraikenridge3u', 'sP5|?4C`(a', 'panderbrugge3u@theglobeandmail.com', 'instructor'),
(140, 'etopling3v', 'yQ7\\Vis2oY,`dhF', 'lklebes3v@reddit.com', 'job seeker'),
(141, 'lgarrigan3w', 'dQ8*>NDQ?E_', 'ijimenez3w@epa.gov', 'instructor'),
(142, 'bdodd3x', 'bA5*3v{(2J{Df\\', 'laaronson3x@naver.com', 'candidate'),
(143, 'dbliben3y', 'fU9+?,+5#nZ@o', 'aewenson3y@washingtonpost.com', 'instructor'),
(144, 'ipaunsford3z', 'bO3\'+DAV7', 'jruffles3z@admin.ch', 'instructor'),
(145, 'bmcgiveen40', 'vI9?(J<Q', 'sramplee40@delicious.com', 'candidate'),
(146, 'zlorand41', 'hN6<6CkR{<w\\V', 'wambrogelli41@liveinternet.ru', 'job seeker'),
(147, 'nminchindon42', 'xC1~*5xwiE6', 'apardoe42@berkeley.edu', 'candidate'),
(148, 'sleithharvey43', 'zW2.q}JW{k|D<B@@', 'wmullane43@vinaora.com', 'instructor'),
(149, 'mholtaway44', 'lC9>oZ&d\\xgINYRS', 'eoneil44@flavors.me', 'instructor'),
(150, 'ahorsburgh45', 'dI7)efTF/OsK', 'erude45@themeforest.net', 'candidate'),
(151, 'tharnor46', 'sW3.YrGeMxSrqyz<', 'smoss46@gizmodo.com', 'job seeker'),
(152, 'abruckstein47', 'qM6_2K%K=aAmP<', 'frawlings47@mozilla.org', 'instructor'),
(153, 'jjakov48', 'qX9\\xIm0+uTq2y', 'jcollick48@deliciousdays.com', 'candidate'),
(154, 'erevett49', 'gJ5.3ym=`xkt', 'qpaterno49@salon.com', 'job seeker'),
(155, 'gjeacock4a', 'yK8>#/PXxnjJ\\v', 'ahanrott4a@miitbeian.gov.cn', 'candidate'),
(156, 'gbaglan4b', 'xV8%\'o~{0KX?G`', 'etwinning4b@phoca.cz', 'job seeker'),
(157, 'npestell4c', 'eA3}CMrCjY', 'rmalamore4c@gizmodo.com', 'instructor'),
(158, 'sharring4d', 'sH1#T.EK1Kg', 'lellins4d@jiathis.com', 'job seeker'),
(159, 'rhenriques4e', 'dQ3*{yI{a(jz', 'jough4e@youku.com', 'job seeker'),
(160, 'aborgnet4f', 'kR8,kyVI|7sNfIQ', 'lgowan4f@creativecommons.org', 'candidate'),
(161, 'ncorrie4g', 'zT7<`FjTS', 'tfairfoul4g@com.com', 'job seeker'),
(162, 'gbernollet4h', 'uF9,0?TY3', 'aplacstone4h@reference.com', 'job seeker'),
(163, 'msheals4i', 'fL9>dWwH`p+0<\\', 'egilhoolie4i@reverbnation.com', 'candidate'),
(164, 'llotte4j', 'wX4=$\"a@P(r2', 'jhemphrey4j@facebook.com', 'instructor'),
(165, 'msmallpeice4k', 'sE2+?b(w4WeL\'9', 'lyellowlee4k@europa.eu', 'instructor'),
(166, 'oaldcorn4l', 'qU9>4f+6lv_%gVb', 'cyearns4l@wordpress.org', 'job seeker'),
(167, 'mcromb4m', 'yB4}mG|5`A1T', 'mhembery4m@sbwire.com', 'candidate'),
(168, 'kbeecheno4n', 'vU6`}@R~', 'tsalmon4n@1und1.de', 'job seeker'),
(169, 'rgrimsell4o', 'zW7`kB?kh3(G=`', 'iaylward4o@flavors.me', 'instructor'),
(170, 'cpopplestone4p', 'sA9\\L\\7_vbn.', 'swharrier4p@tripod.com', 'candidate'),
(171, 'yhammon4q', 'hK0~Bj\"4l3Ls', 'mkremer4q@cbc.ca', 'candidate'),
(172, 'vpashba4r', 'zI3)zSIwZ,m', 'tcorben4r@myspace.com', 'job seeker'),
(173, 'taleksandrikin4s', 'eJ9!<|(T0PDucC', 'bguenther4s@bravesites.com', 'instructor'),
(174, 'aeglise4t', 'hS7$blWqx*', 'adurrand4t@ucoz.com', 'job seeker'),
(175, 'sulrik4u', 'cX7+ox_<2', 'brobet4u@mtv.com', 'instructor'),
(176, 'cmerner4v', 'gI4~oUKo0KSnL', 'mfitzharris4v@amazon.com', 'job seeker'),
(177, 'aplowell4w', 'qC0.XSU6Gu1,,sP', 'kfinney4w@is.gd', 'job seeker'),
(178, 'hpurbrick4x', 'yE5~z#LH', 'aforsyth4x@buzzfeed.com', 'candidate'),
(179, 'dvalentine4y', 'pK5$Bdyq', 'gconlon4y@amazon.de', 'candidate'),
(180, 'djore4z', 'sQ1`s2zGuC', 'gedington4z@unicef.org', 'instructor'),
(181, 'dclingan50', 'vY7@WRiwMIlhO', 'oheyball50@com.com', 'job seeker'),
(182, 'ccoldbreath51', 'iC1/e#Oz', 'tdorman51@google.com.au', 'candidate'),
(183, 'mgoldin52', 'jN8%bMmeXr%|<', 'mcluckie52@pcworld.com', 'instructor'),
(184, 'zharrema53', 'bF4$@}Oy3SGfN', 'afaulds53@trellian.com', 'candidate'),
(185, 'dtother54', 'rH8(~Ay(C', 'tfarrington54@mit.edu', 'candidate'),
(186, 'cmercik55', 'mB8=fq%o?FLb=', 'ljillins55@marriott.com', 'instructor'),
(187, 'arobison56', 'xE1`$J+8r4_@sl=', 'gmawson56@epa.gov', 'instructor'),
(188, 'jvalerius57', 'gP2!9C`\'', 'jgawkes57@bravesites.com', 'candidate'),
(189, 'thalliberton58', 'eY8\"mScsnzEw~', 'hupchurch58@cnet.com', 'candidate'),
(190, 'vcorryer59', 'kP3\'ym1!u6_0t\"~9', 'evanarsdall59@prnewswire.com', 'candidate'),
(191, 'fcoviello5a', 'sO9<ta}t', 'lvasile5a@addtoany.com', 'instructor'),
(192, 'ksleightholm5b', 'qN0<mYQo', 'aseleway5b@businessinsider.com', 'candidate'),
(193, 'dtolhurst5c', 'iD6<Ua}M@p', 'cbroschek5c@msn.com', 'candidate'),
(194, 'mshillaker5d', 'uT0?\'>D$WXY5', 'ayitzovitz5d@chronoengine.com', 'job seeker'),
(195, 'kbuggy5e', 'cZ3)<ty~m=8', 'rledes5e@cafepress.com', 'candidate'),
(196, 'bspivey5f', 'bV7!i_1\\$Ph/7i', 'vpaddefield5f@cnbc.com', 'instructor'),
(197, 'dsargent5g', 'wV6,LlQab', 'lgraysmark5g@studiopress.com', 'job seeker'),
(198, 'dsare5h', 'uM2$rBX/', 'ashaddock5h@51.la', 'candidate'),
(199, 'ddrever5i', 'qO2?kX!s2B', 'dbleasby5i@mapy.cz', 'instructor'),
(200, 'lgillio5j', 'kQ6?fQ1{=UO==c', 'mfuentez5j@mozilla.org', 'candidate'),
(201, 'csaltrese5k', 'xI7}WWj1c', 'swakes5k@domainmarket.com', 'instructor'),
(202, 'dlowndsbrough5l', 'wY1!aQ9N_%(Gna/\"', 'sfasey5l@arizona.edu', 'job seeker'),
(203, 'mgorling5m', 'bP2`f<(uUJ?$', 'lforsdicke5m@microsoft.com', 'instructor'),
(204, 'alongfellow5n', 'tO2&?0LC(G|CjQ7', 'ipleat5n@plala.or.jp', 'candidate'),
(205, 'cschiefersten5o', 'vL1\\!rRy6zHs9', 'jmoxley5o@sciencedirect.com', 'job seeker'),
(206, 'bgimbrett5p', 'mS2}i7Pg!yT4', 'mhartrick5p@alexa.com', 'candidate'),
(207, 'gricold5q', 'wO4}IDcB1~@6B)', 'aclempton5q@seesaa.net', 'job seeker'),
(208, 'gwyness5r', 'hB9%>,+4)Rp|j9', 'ecowthart5r@printfriendly.com', 'instructor'),
(209, 'ebaysting5s', 'fY7.2w)=CjRQ+IV', 'ckuhnt5s@issuu.com', 'instructor'),
(210, 'mchastan5t', 'sD5,AOb>LZ.dS{\"', 'mgrishin5t@sitemeter.com', 'candidate'),
(211, 'vjaxon5u', 'aS8_2=P!Cs,f$', 'eaguirre5u@mysql.com', 'candidate'),
(212, 'mledingham5v', 'qH7,ECU8{pM=X(wa', 'ccullerne5v@cnbc.com', 'job seeker'),
(213, 'llarham5w', 'aY1%wPznR!,F|<d', 'dmccree5w@studiopress.com', 'instructor'),
(214, 'vbignell5x', 'kH0(iWt7Wghjict*', 'mkinnie5x@histats.com', 'job seeker'),
(215, 'bstollenbecker5y', 'fW2~#@k/PaW/$\"QH', 'fwatton5y@google.nl', 'job seeker'),
(216, 'dickov5z', 'uC5~u$L0u!\'', 'tfritschmann5z@miibeian.gov.cn', 'instructor'),
(217, 'vbrosel60', 'gK0&#>(CR+|c0', 'sstainson60@google.pl', 'candidate'),
(218, 'chutcheon61', 'yX0=VnK`!lGh', 'bgrimwad61@ezinearticles.com', 'job seeker'),
(219, 'aslimings62', 'iM6$4Mexqeg3', 'glegate62@admin.ch', 'job seeker'),
(220, 'flewry63', 'gN4`f*CJ@>J!', 'bderle63@phoca.cz', 'instructor'),
(221, 'pdensumbe64', 'oR3%W3Be(a)\'}D)#', 'mskittreal64@friendfeed.com', 'instructor'),
(222, 'dlamberton65', 'qM5=c6ONwP}iMtM\'', 'mantoniewicz65@tiny.cc', 'candidate'),
(223, 'lmiskin66', 'fX1\"!R5IViV1NW.', 'agooke66@sakura.ne.jp', 'instructor'),
(224, 'tsongist67', 'oC9\\0w?h2.', 'ggalley67@nba.com', 'candidate'),
(225, 'vprout68', 'hR6#V_$DS`b', 'fkitto68@imgur.com', 'candidate'),
(226, 'hphilipeau69', 'yH2)t`7|,', 'mtytterton69@stumbleupon.com', 'instructor'),
(227, 'aseedull6a', 'iW1(_=_}+', 'nmawson6a@blogspot.com', 'job seeker'),
(228, 'sbewly6b', 'uC4<0YR5se220jhj', 'tcorthes6b@webmd.com', 'job seeker'),
(229, 'lmcconnel6c', 'gU6<0Oz\"tK', 'lvenour6c@soundcloud.com', 'candidate'),
(230, 'akelwick6d', 'iA8#E`hRne&S&s', 'wgoodsal6d@storify.com', 'instructor'),
(231, 'fnussgen6e', 'zK1!qcj`kS%pE+', 'sbegbie6e@wp.com', 'instructor'),
(232, 'mdisney6f', 'vU3|Hrnj7N/89', 'dhellwich6f@bigcartel.com', 'candidate'),
(233, 'druncieman6g', 'gY9)Zzpdr4g', 'rsibbit6g@mtv.com', 'candidate'),
(234, 'flist6h', 'rB2*K@mNjPED(', 'fspawell6h@1und1.de', 'candidate'),
(235, 'tdorrell6i', 'bG2/Och~nX9', 'aclowney6i@dropbox.com', 'job seeker'),
(236, 'sallum6j', 'lJ1|+3dX{\'#3Z_j', 'mmose6j@google.com.au', 'candidate'),
(237, 'gnunns6k', 'hR0\'EKl/M(B', 'bdebroke6k@icq.com', 'instructor'),
(238, 'bruskin6l', 'mS7}ZQNIVFvSji.{', 'aabendroth6l@examiner.com', 'candidate'),
(239, 'kchoulerton6m', 'dN9\"`G(?Q7f', 'mgrafham6m@aol.com', 'candidate'),
(240, 'azaple6n', 'cN0\">Ri=\\Tb', 'elinde6n@ocn.ne.jp', 'instructor'),
(241, 'caleso6o', 'oZ1)p&50K44(.', 'gmatonin6o@epa.gov', 'job seeker'),
(242, 'blamkin6p', 'pZ0/%Nsd=kQAA', 'nyorston6p@t.co', 'job seeker'),
(243, 'gchable6q', 'kK7\"\'UY892&xwI', 'ededenham6q@hatena.ne.jp', 'job seeker'),
(244, 'rmckelvey6r', 'fZ3!A8l{@pde', 'dchatainier6r@studiopress.com', 'candidate'),
(245, 'sluxton6s', 'uM2.qo(61xS`w', 'durlin6s@parallels.com', 'instructor'),
(246, 'jwildin6t', 'nR4/Puj4{%u\'Ypz', 'dsiddall6t@ovh.net', 'candidate'),
(247, 'bleimster6u', 'aW8*(3T!md', 'hoboyle6u@go.com', 'instructor'),
(248, 'sflasby6v', 'kC3#KGlE*!v', 'emorant6v@typepad.com', 'job seeker'),
(249, 'mmayes6w', 'eW2%=~)DhE`', 'blacroutz6w@devhub.com', 'instructor'),
(250, 'awinspurr6x', 'iE6`jnOgIz\\G)y', 'hshacklady6x@php.net', 'job seeker'),
(251, 'acullingford6y', 'pW3,Xcbh?', 'alarmett6y@aol.com', 'instructor'),
(252, 'gseamark6z', 'kK8%3#x}\'Fbieq', 'dhaysom6z@ycombinator.com', 'job seeker'),
(253, 'ebafford70', 'uU0=e\'#UsjE+c8', 'hrawcliffe70@ask.com', 'job seeker'),
(254, 'scassedy71', 'dL7\\t?puLOAJBz2', 'xmulvaney71@nsw.gov.au', 'candidate'),
(255, 'cguerro72', 'xR4{CXFim@KZB', 'cyellowley72@liveinternet.ru', 'candidate'),
(256, 'kgisby73', 'tW7>Jn1QbW', 'jpooke73@free.fr', 'instructor'),
(257, 'jbrenneke74', 'mA7$uj,Gdg', 'cpoyzer74@nyu.edu', 'instructor'),
(258, 'mevitt75', 'nI0&hd)X?', 'zpalke75@diigo.com', 'candidate'),
(259, 'dmansuer76', 'tB2<k2{cg~Ql06(', 'lsherebrooke76@fastcompany.com', 'candidate'),
(260, 'candreoletti77', 'gU5,If&`', 'rschaumaker77@disqus.com', 'job seeker'),
(261, 'arochester78', 'kE0,J6\\Dbp=H}Ixf', 'vpinyon78@tumblr.com', 'candidate'),
(262, 'gsponder79', 'fH2!4z!C5', 'fdennington79@friendfeed.com', 'candidate'),
(263, 'mkorejs7a', 'tN4)z9!YT0', 'bdalinder7a@mysql.com', 'instructor'),
(264, 'bbeadham7b', 'kW9%qSH\"r&m', 'vlearmonth7b@indiatimes.com', 'job seeker'),
(265, 'vshearwood7c', 'dT5{\\Sg7Y=t4n2', 'cvalerio7c@opensource.org', 'instructor'),
(266, 'lthunnercliff7d', 'qI1}~joTyI', 'dblanque7d@hostgator.com', 'job seeker'),
(267, 'fblest7e', 'jG9%\'13~xj=4', 'nlightman7e@npr.org', 'job seeker'),
(268, 'mcumberledge7f', 'aV7%PFqpR&', 'bsandifer7f@imageshack.us', 'instructor'),
(269, 'gmoakler7g', 'pT1.c=/j', 'gramsdale7g@admin.ch', 'instructor'),
(270, 'clummasana7h', 'nL9/ayXgrThcfZr*', 'ojoannic7h@ezinearticles.com', 'job seeker'),
(271, 'mwhyatt7i', 'vN2$&U@ki,\\(<tM9', 'amourgue7i@google.it', 'candidate'),
(272, 'ceskriett7j', 'sP8\'kvON\'Sa', 'amaclean7j@state.gov', 'instructor'),
(273, 'ehembry7k', 'hO2,cUJ@eja*Jr', 'sgradly7k@google.ca', 'candidate'),
(274, 'eeldridge7l', 'pY9\'n!cV7,6\"', 'nlinkin7l@cbc.ca', 'candidate'),
(275, 'nbreffit7m', 'mD1{|IDRA__J', 'kdole7m@indiatimes.com', 'candidate'),
(276, 'efeeley7n', 'aB2(7NdFN8C4FpT', 'sorbell7n@blogger.com', 'job seeker'),
(277, 'lpound7o', 'bB1|LWnDV5iz{\"bU', 'mhiley7o@fema.gov', 'candidate'),
(278, 'pgreenly7p', 'qG0*yx3VIL', 'rcuningham7p@cpanel.net', 'job seeker'),
(279, 'khabbin7q', 'uH7\\$)\'8|37', 'gmaccome7q@nydailynews.com', 'candidate'),
(280, 'lpenright7r', 'xV3\\>84)&%%_K', 'knewhouse7r@dot.gov', 'candidate'),
(281, 'msandels7s', 'rE9,.Lw1|', 'vodyvoy7s@behance.net', 'instructor'),
(282, 'mlowndsbrough7t', 'wZ7#7}Nn7OnTDx>', 'ibednall7t@spotify.com', 'candidate'),
(283, 'jcazin7u', 'iH2\\`0y<,\'Z#w', 'jjeram7u@hud.gov', 'candidate'),
(284, 'fsmallwood7v', 'jS5!bf6C$', 'acalltone7v@sciencedirect.com', 'instructor'),
(285, 'csidlow7w', 'aQ3`>mdt%P*P!?', 'msaville7w@shinystat.com', 'candidate'),
(286, 'mgurton7x', 'mM0%g(dF2', 'akisbey7x@ifeng.com', 'job seeker'),
(287, 'sklemenz7y', 'yI6{KoU3X2LT</,', 'pshervington7y@addthis.com', 'instructor'),
(288, 'mscutching7z', 'wD6<z4F{wyXU', 'sreal7z@hud.gov', 'candidate'),
(289, 'htibbotts80', 'lG7$u}*Q{', 'yburcombe80@ucsd.edu', 'candidate'),
(290, 'sbreache81', 'zH7$uLWNm4/', 'ademkowicz81@patch.com', 'candidate'),
(291, 'jdudson82', 'kN3+EI)gm', 'mmandifield82@aboutads.info', 'candidate'),
(292, 'mbilsford83', 'yS4\'~/#N', 'kleddie83@symantec.com', 'instructor'),
(293, 'dkermode84', 'pE6})T*eZc', 'nmibourne84@google.com.hk', 'candidate'),
(294, 'fstrahan85', 'bY1|G,_}z', 'amacgowing85@gmpg.org', 'candidate'),
(295, 'dmaclardie86', 'vH4+@s(jcKCm9jFo', 'xbagniuk86@utexas.edu', 'candidate'),
(296, 'ngynni87', 'hR6(!u5dZ', 'dfewings87@google.it', 'job seeker'),
(297, 'fbence88', 'oL9+pYvleLD}\\m', 'mgossipin88@eventbrite.com', 'instructor'),
(298, 'shorsell89', 'wY0*CbtHx', 'sglentz89@aol.com', 'candidate'),
(299, 'tcase8a', 'iU7@rf*feZb', 'slabeuil8a@istockphoto.com', 'job seeker'),
(300, 'fdecopeman8b', 'dA8+?G/up*_a2zL/', 'astrange8b@jiathis.com', 'instructor'),
(301, 'tsandbrook8c', 'fF6%,urvd0GUg', 'caleksashin8c@dyndns.org', 'job seeker'),
(302, 'wtonks8d', 'zF0%.ik#DBFjArR', 'htotterdill8d@tripadvisor.com', 'candidate'),
(303, 'lheddy8e', 'cM8#|YStH', 'cdoxsey8e@statcounter.com', 'job seeker'),
(304, 'fsmeaton8f', 'vY2\\ZIii3', 'lvaladez8f@apple.com', 'instructor'),
(305, 'swyon8g', 'fR7\\0N3jGrDF', 'crizzo8g@house.gov', 'job seeker'),
(306, 'cprecious8h', 'sN3|=1>4|v0v\'F', 'hmoxon8h@sciencedirect.com', 'job seeker'),
(307, 'cemberson8i', 'lV0#|3gau3', 'bclayhill8i@reference.com', 'job seeker'),
(308, 'elinzee8j', 'fF9)mV9`%p*A{~', 'gbarthel8j@google.nl', 'candidate'),
(309, 'jaxell8k', 'lE5<HHbR1', 'gjore8k@dailymail.co.uk', 'candidate'),
(310, 'rjakubovicz8l', 'hA7%.jUNG_K`', 'lthorold8l@google.com', 'instructor'),
(311, 'mwilgar8m', 'zM8<)`\"g<L$+|G', 'lprimett8m@miibeian.gov.cn', 'job seeker'),
(312, 'nhuet8n', 'xQ3?m\"cO=CQi\\', 'dcarluccio8n@vistaprint.com', 'job seeker'),
(313, 'dmacdowall8o', 'fP6*,\\OS\'(z\"', 'nmeiningen8o@twitpic.com', 'candidate'),
(314, 'aerlam8p', 'uK4/m\'8BxxGO', 'creyburn8p@ebay.co.uk', 'job seeker'),
(315, 'ksummerside8q', 'xB1,*yhoO9S', 'bhould8q@cyberchimps.com', 'job seeker'),
(316, 'ifaivre8r', 'nE4~P$Y#nUmMy', 'kthornbarrow8r@comcast.net', 'job seeker'),
(317, 'aleney8s', 'gD6<72D&JQpR_)!', 'bkemitt8s@ycombinator.com', 'job seeker'),
(318, 'nhardwidge8t', 'oB0|@eo_}', 'abonehill8t@census.gov', 'job seeker'),
(319, 'hbrunini8u', 'qM8$OZf(e.}\'', 'mjannings8u@odnoklassniki.ru', 'job seeker'),
(320, 'bbaum8v', 'bT9_jj|Z\\!M{.', 'delacoate8v@imgur.com', 'candidate'),
(321, 'cflucks8w', 'uR6$axC@~(n', 'gjekyll8w@lulu.com', 'candidate'),
(322, 'tbolingbroke8x', 'tY3_\\yx.>CH', 'wlatore8x@salon.com', 'job seeker'),
(323, 'jofallone8y', 'xN0.=B5bA0!q*', 'csanson8y@phpbb.com', 'instructor'),
(324, 'rlegier8z', 'lG1+FSA4!%', 'tgreg8z@macromedia.com', 'job seeker'),
(325, 'bschrei90', 'cH3{uiX}PJjnpA+', 'lfaas90@gizmodo.com', 'job seeker'),
(326, 'mduddell91', 'lY6~kym!6\"o\\,', 'ssainteau91@aol.com', 'instructor'),
(327, 'dtimothy92', 'jD2\"pLY<', 'cbotham92@pcworld.com', 'job seeker'),
(328, 'agayforth93', 'nO8/x(%co4o4<', 'lblaydon93@php.net', 'instructor'),
(329, 'bgoodship94', 'tF1+?cubCOD', 'vaskell94@dagondesign.com', 'candidate'),
(330, 'jchellingworth95', 'aP4$Bbd4LH', 'hcaudray95@1und1.de', 'job seeker'),
(331, 'agages96', 'fX6_/mHHEWG', 'bparzis96@about.me', 'job seeker'),
(332, 'mkrolak97', 'yL6|K_BTp`aA2!b', 'twardale97@youtube.com', 'job seeker'),
(333, 'dellingford98', 'mG9\"fD<1Pg~9', 'dbrute98@ameblo.jp', 'candidate'),
(334, 'crowaszkiewicz99', 'mH4,0p+67K@,.<t6', 'ndamiral99@shutterfly.com', 'instructor'),
(335, 'aflewan9a', 'hC5?*P,SM', 'atottman9a@stumbleupon.com', 'instructor'),
(336, 'amizzen9b', 'wW2!mU2xr_\'', 'kfeldbrin9b@canalblog.com', 'candidate'),
(337, 'gsawrey9c', 'tD1&}}9L\"yc)r=mN', 'mchalliss9c@godaddy.com', 'job seeker'),
(338, 'kzucker9d', 'mG3?K?m2', 'srash9d@instagram.com', 'job seeker'),
(339, 'edymocke9e', 'fD0<nxd7ato+U/j', 'jodyvoie9e@php.net', 'candidate'),
(340, 'ldrees9f', 'gJ5($WEB9BiX*#', 'mseres9f@histats.com', 'candidate'),
(341, 'lgerbl9g', 'kQ5\'U\\|KttgFF0', 'ableackly9g@unc.edu', 'job seeker'),
(342, 'mgozzett9h', 'eP1/&1|IHxZRr', 'aemma9h@businessweek.com', 'candidate'),
(343, 'omacsorley9i', 'tG6$j#gQ*', 'cgrahlmans9i@webmd.com', 'candidate'),
(344, 'sbeatson9j', 'oY4{2|I!', 'sgullefant9j@dot.gov', 'job seeker'),
(345, 'twhitlock9k', 'aD5,B!Fb6i%AY}', 'kinglis9k@addtoany.com', 'candidate'),
(346, 'kjindacek9l', 'aV5_TraR&`', 'gelse9l@networksolutions.com', 'job seeker'),
(347, 'jprantoni9m', 'jD8,E$ST<YodEU', 'dhardware9m@ask.com', 'job seeker'),
(348, 'mgleasane9n', 'iX1=Qk5}', 'mskellon9n@ca.gov', 'instructor'),
(349, 'jfeacham9o', 'jS1&+gyM', 'tbollum9o@symantec.com', 'instructor'),
(350, 'jcommander9p', 'nJ6$Vo_6!5yk', 'friceards9p@elpais.com', 'candidate'),
(351, 'ufilipiak9q', 'wB8,fD63q(Y3`2', 'cdymoke9q@cbslocal.com', 'candidate'),
(352, 'ahulett9r', 'cB5+%L>l', 'hpieche9r@oakley.com', 'candidate'),
(353, 'tdezamudio9s', 'cX7.O3kRfF~hVH', 'msquelch9s@cnet.com', 'instructor'),
(354, 'bbaccup9t', 'eG9\"/_.fI', 'ccardnell9t@economist.com', 'instructor'),
(355, 'hcapelin9u', 'oB7\'`$1oRlCXHz~s', 'vcrake9u@oaic.gov.au', 'candidate'),
(356, 'relliff9v', 'bQ1\\k#I\\QqnNjg|', 'sfallen9v@instagram.com', 'instructor'),
(357, 'blaraway9w', 'vT8<Db#35c5', 'mjoseff9w@t-online.de', 'instructor'),
(358, 'bkleisel9x', 'wT2,x?cgu)jz%9hv', 'vrozenzweig9x@lycos.com', 'job seeker'),
(359, 'emccluin9y', 'tB4\\>\\sj=L<', 'watcherley9y@globo.com', 'instructor'),
(360, 'hlakey9z', 'eK9`~hW\'\\DNjxP', 'jdrains9z@freewebs.com', 'candidate'),
(361, 'vstidsona0', 'sE0`j<(oSxb', 'mmclanea0@dell.com', 'job seeker'),
(362, 'jsingha1', 'aU3?bfM04X', 'aharnella1@senate.gov', 'job seeker'),
(363, 'rtuveya2', 'kN7_y6A@U', 'fboundya2@ebay.com', 'job seeker'),
(364, 'nwilsherea3', 'lN5=\\1_dTj,', 'lpictona3@nbcnews.com', 'job seeker'),
(365, 'mbaumea4', 'xR1.*=KH<Dg(VW', 'kstruthera4@netvibes.com', 'instructor'),
(366, 'hloraita5', 'pS4{3D|.$HCY', 'erehoreka5@java.com', 'job seeker'),
(367, 'mstollbergera6', 'pY3!Pr,vs', 'cquinneta6@google.it', 'candidate'),
(368, 'wmacgoverna7', 'rU1_cwo,y8V)', 'fcorkinga7@ucoz.com', 'instructor'),
(369, 'wpennicka8', 'kK6\'bEZB', 'mcroisiera8@stanford.edu', 'instructor'),
(370, 'wpymma9', 'aP2{z*eG\\LA', 'nshevilla9@t.co', 'job seeker'),
(371, 'gsquibbsaa', 'cO6$rM.6H18', 'bmatusevichaa@independent.co.uk', 'job seeker'),
(372, 'hlanhamab', 'gD3{zH\'1.f#Hg8s', 'taseefab@answers.com', 'instructor'),
(373, 'afumagalloac', 'qY0/3ru/n?b9QU\\*', 'ehaimeac@paypal.com', 'candidate'),
(374, 'sstephensonad', 'kC6>)8`R5jkI),QK', 'etoulchad@dailymail.co.uk', 'instructor'),
(375, 'ifinkleae', 'tA2>+lb)5wq<r6{', 'btwopennyae@geocities.jp', 'instructor'),
(376, 'lcamelliaf', 'dZ9$Z|Akq', 'ttimmsaf@google.co.uk', 'instructor'),
(377, 'aivensag', 'pU1=Q_~8e\\IY\'g', 'hmooresag@typepad.com', 'job seeker'),
(378, 'jrumminsah', 'mN8?/(noqWL{f}n', 'rwabbah@bluehost.com', 'job seeker'),
(379, 'bchinneryai', 'rC8)&lU5R', 'wbrundrettai@tiny.cc', 'job seeker'),
(380, 'clewtonaj', 'yZ9(8G#zKJ{eG7T{', 'rmacconaghyaj@meetup.com', 'job seeker'),
(381, 'uiwanczykak', 'aN7~#lu~Tlm', 'akiltyak@amazon.co.uk', 'candidate'),
(382, 'bthomazetal', 'hA1?/pHT', 'mlinbohmal@va.gov', 'instructor'),
(383, 'llinseyam', 'cH9?r$IobK', 'anormadellam@skyrock.com', 'instructor'),
(384, 'pneillansan', 'aI9>tt4.ED\"@9,*', 'rdenslowan@youku.com', 'candidate'),
(385, 'evaughtonao', 'sN8#Jq{A', 'gwinckworthao@oakley.com', 'instructor'),
(386, 'ceathorneap', 'zD0%U}R>7', 'menneverap@bbc.co.uk', 'candidate'),
(387, 'tjachimczakaq', 'zQ1$5wot1rx', 'sodbyaq@digg.com', 'instructor'),
(388, 'gthemlar', 'yC9%0F~B>sh4Cr\\', 'ucrocombear@redcross.org', 'instructor'),
(389, 'ujessepas', 'mO3|keBGXwC}Axp', 'ecoughanas@dion.ne.jp', 'candidate'),
(390, 'edymondat', 'lQ8\"}!(N*IB', 'scroneyat@nba.com', 'candidate'),
(391, 'cbirtwhistleau', 'mB9%J{pLLs', 'dcroneyau@reddit.com', 'job seeker'),
(392, 'fblackbournav', 'iZ5!k.JOt`8T$P', 'btitcombeav@altervista.org', 'job seeker'),
(393, 'ffoystoneaw', 'dA5@Kp+82y\\%FS*#', 'rkarolczykaw@oaic.gov.au', 'candidate'),
(394, 'nblaisdellax', 'oQ7$J$)B+9Y)', 'dbigadikeax@ebay.co.uk', 'instructor'),
(395, 'acheleyay', 'eS0@MW&`UPsa7', 'wfideleray@about.com', 'instructor'),
(396, 'pbaldryaz', 'sI3{)\"qOor5', 'iixoraz@merriam-webster.com', 'instructor'),
(397, 'charsumb0', 'tR6}ozZq', 'nbertomeb0@statcounter.com', 'instructor'),
(398, 'ltupieb1', 'zD5(+{~1QajT~', 'gpasheb1@pagesperso-orange.fr', 'candidate'),
(399, 'gfedoronkob2', 'zL0*}8mf).9(!$0\"', 'cmenichellib2@networksolutions.com', 'instructor'),
(400, 'chornbuckleb3', 'hT1**<+/a2', 'cboerderb3@ovh.net', 'candidate'),
(401, 'wbentallb4', 'nK9=>xfZcI9GR', 'cbharb4@lulu.com', 'job seeker'),
(402, 'aroxburchb5', 'jV6\"{\"T({}*mi', 'crishbrookb5@google.com.hk', 'candidate'),
(403, 'pnoiceb6', 'nH1(q8NF(5<vFI', 'jleedesb6@wisc.edu', 'candidate'),
(404, 'aeingerfieldb7', 'fN5_h8Sy<n2', 'gcollcuttb7@telegraph.co.uk', 'candidate'),
(405, 'ckerseyb8', 'rE5?}1{$z#V0XX', 'mhuxleyb8@nature.com', 'instructor'),
(406, 'rleahb9', 'zG6\"Z@%PG', 'kbertotb9@weebly.com', 'instructor'),
(407, 'ihurndallba', 'cB2_STtXLD_\"+e30', 'mmcpartlingba@japanpost.jp', 'instructor'),
(408, 'rdallingbb', 'sA1..(=ODz', 'fpaliserbb@webmd.com', 'job seeker'),
(409, 'dswatheridgebc', 'fC8`td><t', 'mbluemanbc@spotify.com', 'candidate'),
(410, 'acrossonbd', 'jQ4?,?weN', 'ggrigoreybd@smh.com.au', 'instructor'),
(411, 'hjanssensbe', 'pK9\'hIAJ|8E1Pcua', 'cwilmottbe@simplemachines.org', 'job seeker'),
(412, 'sdcruzebf', 'zV7%WdhNnNoRH,U', 'kcomazzobf@cocolog-nifty.com', 'candidate'),
(413, 'awestwickbg', 'uK7`kQvA', 'kmussardbg@biglobe.ne.jp', 'candidate'),
(414, 'ocathraebh', 'pA4+NP\"Lf!+<KU', 'lwestrawbh@issuu.com', 'job seeker'),
(415, 'acrumbleholmebi', 'aI4/s+(P/dKQ~', 'ldewanbi@bigcartel.com', 'candidate'),
(416, 'bwomackbj', 'tN4~wdM9NooY%LcN', 'jstanionbj@ameblo.jp', 'candidate'),
(417, 'hcasaribk', 'yW5/(_b2ucEIy$j{', 'ocammidgebk@ucoz.com', 'candidate'),
(418, 'ljoskowiczbl', 'eQ7~GaAYQI1uW<43', 'mrentilllbl@cocolog-nifty.com', 'instructor'),
(419, 'dforcebm', 'jE5$rx$pCu_/%u', 'iofogartybm@hud.gov', 'job seeker'),
(420, 'nleganbn', 'nV4=uhj8Io)7#', 'ccolebournbn@elpais.com', 'candidate'),
(421, 'eburgessbo', 'yV7+V\'y4', 'hbockinbo@indiatimes.com', 'candidate'),
(422, 'aaaronsbp', 'rW9\'VwE#v%I', 'kthorneyworkbp@vkontakte.ru', 'job seeker'),
(423, 'swhetsonbq', 'mA0=Kp(Bi>y', 'bdumbreckbq@amazon.co.uk', 'candidate'),
(424, 'udarleybr', 'nC2.Vuv!u', 'sranbybr@vinaora.com', 'candidate'),
(425, 'hcostockbs', 'hR9.s\\~oxA*E1', 'flidyardbs@blogs.com', 'candidate'),
(426, 'fmaccardlebt', 'uE6,LOM$&}y*1y', 'jicetonbt@purevolume.com', 'job seeker'),
(427, 'scalverdbu', 'gU5+pV\\r9pMaVQ', 'fhobellbu@stanford.edu', 'candidate'),
(428, 'awyardbv', 'eJ0_\\Shz\"?24q', 'arotherforthbv@mediafire.com', 'job seeker'),
(429, 'llettleybw', 'xD5<\'yNMWKM@', 'bgerdingbw@cbsnews.com', 'instructor'),
(430, 'abattebx', 'oS7}A{)@kMgdP8R', 'jdunnetbx@theatlantic.com', 'instructor'),
(431, 'gpaulettiby', 'fT0?>DRm8C', 'tbidderby@acquirethisname.com', 'job seeker'),
(432, 'mmackainbz', 'yW6(BpG<', 'kwrenchbz@linkedin.com', 'job seeker'),
(433, 'fjerzycowskic0', 'jS3,f7}}N_aLiEt', 'tweabenc0@google.ru', 'candidate'),
(434, 'trutgersc1', 'nS4\'lnPn>1$u', 'gburbankc1@mac.com', 'candidate'),
(435, 'gkhotlerc2', 'mC4+TV_}Qv', 'trandc2@senate.gov', 'instructor'),
(436, 'sbensenc3', 'iJ9>d3\'PqQI&_U,I', 'ltrubshawc3@wunderground.com', 'instructor'),
(437, 'rvannsc4', 'bP2~n\\Ye8\\q*_Bc', 'amccrillisc4@gnu.org', 'job seeker'),
(438, 'cprandinc5', 'dI5<`B{?{@Ud0X', 'gjacquemotc5@stumbleupon.com', 'instructor'),
(439, 'obaynhamc6', 'fP6_YJic*m6g~', 'hpowterc6@netvibes.com', 'instructor'),
(440, 'rfissendenc7', 'yM8`>,O$13qPBaWi', 'paberchirderc7@google.pl', 'job seeker'),
(441, 'jannionc8', 'pZ1}V8cc~h', 'cdrewsc8@blogs.com', 'instructor'),
(442, 'aferrimanc9', 'fE4_RYpA|wr$0', 'ctayloc9@tripod.com', 'instructor'),
(443, 'elefridgeca', 'vH3&)!~t9G', 'berrattca@berkeley.edu', 'instructor'),
(444, 'rbenyancb', 'nM4<&tZ0A/{<v', 'bshoobridgecb@qq.com', 'instructor'),
(445, 'nguerrycc', 'wZ6,R(\'ws', 'cmosedalecc@themeforest.net', 'job seeker'),
(446, 'rmeniercd', 'tM5@|1(=NU\"xH6.D', 'esymcoxcd@infoseek.co.jp', 'candidate'),
(447, 'cnoddlece', 'oZ0#sB\\|JdM9@8', 'ggarmce@mozilla.com', 'instructor'),
(448, 'egwincf', 'cZ1&nT!D', 'zcamlincf@mail.ru', 'instructor'),
(449, 'osanchescg', 'mV0&K\"`.4v2`6gi', 'rsmogurcg@europa.eu', 'candidate'),
(450, 'dtonnch', 'sP6,ulZx', 'npratleych@ustream.tv', 'instructor'),
(451, 'asallci', 'nR1!5`gEdp%', 'oclipstonci@unblog.fr', 'candidate'),
(452, 'eyoxencj', 'cF7)3t{o#{T6vD~w', 'gbrickwoodcj@angelfire.com', 'instructor'),
(453, 'mhellierck', 'bM2&+9*}9%E(', 'mpagninck@cocolog-nifty.com', 'instructor'),
(454, 'lguilloneaucl', 'jT2!Q9V/.=ku', 'rbeachampcl@163.com', 'job seeker'),
(455, 'jjeskecm', 'zJ9++wxwWoQ2', 'darnellcm@businessinsider.com', 'instructor'),
(456, 'isalvincn', 'yQ9>fmUV*bO)aFnj', 'tkenninghancn@si.edu', 'instructor'),
(457, 'zmatthewsco', 'mB9,g+%tvK<', 'lbeetlestoneco@naver.com', 'candidate'),
(458, 'jmaccardcp', 'kZ2%\'(+z5Zz\'M\\', 'lchoulertoncp@xinhuanet.com', 'instructor'),
(459, 'kpedrozzicq', 'rD8{MqklJAz!N,l', 'arultoncq@usa.gov', 'job seeker'),
(460, 'cendleycr', 'qQ5\"HVP8SZCM=', 'broutleycr@cnbc.com', 'candidate'),
(461, 'jmosconcs', 'pH7(s!Txe@(H8LT(', 'hbartleetcs@sina.com.cn', 'candidate'),
(462, 'pmcglynnct', 'qE6?Gv\\K', 'freynact@shop-pro.jp', 'job seeker'),
(463, 'mmarjanskicu', 'sY7{vXi8f', 'eharmscu@bbc.co.uk', 'candidate'),
(464, 'tsleafordcv', 'jS5<,R@rETKie', 'dtumiellicv@wunderground.com', 'candidate'),
(465, 'rmcileencw', 'tJ7@%a+p', 'clangloiscw@shutterfly.com', 'candidate'),
(466, 'ekithercx', 'qB8(+!sfi1+7xTi', 'tvallancecx@hc360.com', 'instructor'),
(467, 'ntendercy', 'iO8~>d)S\'', 'prodenhurstcy@washington.edu', 'job seeker'),
(468, 'fortcz', 'vO8`+=EMyTyf', 'jpawlingcz@cafepress.com', 'candidate'),
(469, 'bseabrooked0', 'uT0_D~$aP', 'mstorryd0@si.edu', 'job seeker'),
(470, 'nanthonad1', 'rI1#g7`@T,{I`', 'gideld1@ifeng.com', 'candidate'),
(471, 'dvaudred2', 'qG8>al~TVP2', 'lslatcherd2@goo.ne.jp', 'candidate'),
(472, 'rastlingd3', 'bC7=\'mP<$SdK%A4', 'mjeandeaud3@de.vu', 'instructor'),
(473, 'cauldd4', 'hI0/30\"V=e%.&E?', 'fscaind4@example.com', 'job seeker'),
(474, 'gluipoldd5', 'sY1@iyU1Y', 'mcurlingd5@aol.com', 'job seeker'),
(475, 'istarkeyd6', 'vL9~,Q32\'wrAJ', 'ftreagusd6@amazonaws.com', 'job seeker'),
(476, 'ieisoldd7', 'hU3#TWnK', 'squerrardd7@discovery.com', 'job seeker'),
(477, 'lberryannd8', 'wW4&B\'OS', 'lbenettolod8@cafepress.com', 'job seeker'),
(478, 'cdelved9', 'wZ6,pF|!~LgF)`(&', 'npalayd9@ocn.ne.jp', 'candidate'),
(479, 'tbirchwoodda', 'rG0)A`gRQ', 'ksalleirda@edublogs.org', 'job seeker'),
(480, 'kbesekedb', 'gD6_e6V<X\"zOGP', 'tmarjoramdb@google.pl', 'job seeker'),
(481, 'jflemyngdc', 'oR8*zTzZ9RR#c$Rd', 'gmagennydc@i2i.jp', 'candidate'),
(482, 'lmauvindd', 'tY4)gnandpZ', 'mtiedd@free.fr', 'candidate'),
(483, 'bbaltzarde', 'fE4>yPd9@L3)N*G', 'rkytterde@amazon.com', 'instructor'),
(484, 'roffilerdf', 'cV3{ihj#', 'zshalcrosdf@trellian.com', 'job seeker'),
(485, 'jfanthamdg', 'xC4#/#69Ctz(hUG', 'whicklingbottomdg@joomla.org', 'candidate'),
(486, 'tbraunterdh', 'iV6(1`kN', 'adevanydh@dyndns.org', 'job seeker'),
(487, 'cgilhoolydi', 'eC2?a,\'iz', 'mskittralldi@mapy.cz', 'instructor'),
(488, 'jhaskerdj', 'jN8)>G@.)*', 'gmathesdj@freewebs.com', 'job seeker'),
(489, 'baltamiranodk', 'cW7*q1cdS5~r', 'gpillingerdk@virginia.edu', 'instructor'),
(490, 'ipoulsendl', 'zI9)j)v\\a3', 'adukedl@hc360.com', 'instructor'),
(491, 'bhansanadm', 'cL6#VN3Nf6(\'\\NM$', 'aiaduccellidm@google.nl', 'instructor'),
(492, 'jpullindn', 'dH9}pK{h', 'imongandn@cloudflare.com', 'job seeker'),
(493, 'bleveydo', 'tB6>k|NKl@.', 'lsagrottdo@vistaprint.com', 'job seeker'),
(494, 'jsobieskidp', 'xA9\'HN{!L4AB6E', 'ebeardp@columbia.edu', 'job seeker'),
(495, 'apowdrelldq', 'cX6?M=6q\\y34zU', 'dretallackdq@pcworld.com', 'instructor'),
(496, 'ckloisnerdr', 'fC4(5OzkhE}+', 'akeaydr@reddit.com', 'instructor'),
(497, 'daitchinsonds', 'lC9\'g1>W/0?(9', 'etincknellds@cocolog-nifty.com', 'job seeker'),
(498, 'ilampbrechtdt', 'wL1+`?gkI7x8?', 'koxladedt@cbsnews.com', 'candidate'),
(499, 'balleburtondu', 'fE0!|0DNe4ia', 'bboornedu@ocn.ne.jp', 'job seeker'),
(500, 'jtittadv', 'qI0_@<~H8p4', 'beastcourtdv@tinyurl.com', 'candidate');

-- --------------------------------------------------------

--
-- Table structure for table `user_reviews`
--

CREATE TABLE `user_reviews` (
  `review_id` int(11) NOT NULL,
  `course_id` int(11) DEFAULT NULL,
  `user_id` int(11) DEFAULT NULL,
  `rating` int(11) DEFAULT NULL CHECK (`rating` >= 1 and `rating` <= 5),
  `review_text` text DEFAULT NULL,
  `review_date` date DEFAULT NULL
) ENGINE=InnoDB DEFAULT CHARSET=utf8mb4 COLLATE=utf8mb4_general_ci;

--
-- Dumping data for table `user_reviews`
--

INSERT INTO `user_reviews` (`review_id`, `course_id`, `user_id`, `rating`, `review_text`, `review_date`) VALUES
(1, 1, 28, 4, 'Great job seeker!', '2022-09-09'),
(2, 165, 9, 1, 'Great job seeker!', '2023-08-10'),
(3, 89, 106, 4, 'Strong problem-solving abilities', '2022-12-19'),
(4, 150, 290, 2, 'Exceptional attention to detail', '2022-12-01'),
(5, 129, 10, 4, 'Exceptional attention to detail', '2022-12-12'),
(6, 111, 37, 5, 'Strong problem-solving abilities', '2022-08-26'),
(7, 198, 151, 5, 'Great job seeker!', '2022-11-21'),
(8, 103, 64, 1, 'Very professional', '2022-07-24'),
(9, 4, 473, 1, 'Outstanding work ethic', '2022-08-21'),
(10, 113, 111, 5, 'Excellent communication skills', '2022-10-10'),
(11, 162, 234, 1, 'Exceptional attention to detail', '2023-10-09'),
(12, 173, 444, 1, 'Impressive resume', '2022-10-28'),
(13, 85, 410, 3, 'Strong problem-solving abilities', '2022-12-11'),
(14, 157, 411, 1, 'Great team player', '2023-04-14'),
(15, 42, 48, 2, 'Very professional', '2022-12-18'),
(16, 160, 232, 1, 'Quick learner', '2022-11-12'),
(17, 116, 412, 2, 'Very professional', '2022-11-06'),
(18, 101, 46, 4, 'Great job seeker!', '2022-07-14'),
(19, 141, 441, 2, 'Great job seeker!', '2022-11-16'),
(20, 182, 457, 3, 'Great job seeker!', '2023-03-04'),
(21, 55, 288, 5, 'Quick learner', '2023-05-22'),
(22, 40, 416, 2, 'Great job seeker!', '2023-10-13'),
(23, 189, 188, 5, 'Great team player', '2022-06-18'),
(24, 28, 47, 5, 'Highly recommended', '2022-10-19'),
(25, 9, 35, 3, 'Very professional', '2022-06-21'),
(26, 47, 436, 5, 'Impressive resume', '2023-11-06'),
(27, 146, 383, 2, 'Exceptional attention to detail', '2022-07-05'),
(28, 152, 131, 2, 'Quick learner', '2022-11-27'),
(29, 121, 305, 4, 'Outstanding work ethic', '2023-04-17'),
(30, 151, 138, 4, 'Great job seeker!', '2023-07-17'),
(31, 42, 234, 4, 'Quick learner', '2023-06-03'),
(32, 76, 50, 4, 'Quick learner', '2022-06-26'),
(33, 109, 178, 2, 'Very professional', '2023-06-22'),
(34, 178, 7, 5, 'Exceptional attention to detail', '2023-06-13'),
(35, 141, 424, 2, 'Great job seeker!', '2023-02-08'),
(36, 187, 286, 2, 'Strong problem-solving abilities', '2022-07-31'),
(37, 199, 320, 3, 'Impressive resume', '2023-03-08'),
(38, 2, 117, 3, 'Quick learner', '2022-11-27'),
(39, 53, 247, 5, 'Outstanding work ethic', '2023-08-22'),
(40, 40, 241, 5, 'Excellent communication skills', '2022-12-20'),
(41, 27, 459, 4, 'Great job seeker!', '2022-11-30'),
(42, 109, 40, 5, 'Excellent communication skills', '2022-11-05'),
(43, 150, 118, 4, 'Strong problem-solving abilities', '2023-03-23'),
(44, 9, 210, 4, 'Strong problem-solving abilities', '2023-02-10'),
(45, 77, 403, 4, 'Quick learner', '2023-10-04'),
(46, 140, 449, 3, 'Great team player', '2023-05-11'),
(47, 185, 282, 1, 'Strong problem-solving abilities', '2022-08-29'),
(48, 102, 206, 2, 'Quick learner', '2023-07-16'),
(49, 141, 156, 5, 'Very professional', '2023-08-07'),
(50, 28, 481, 5, 'Outstanding work ethic', '2023-08-27'),
(51, 192, 435, 1, 'Outstanding work ethic', '2023-09-12'),
(52, 150, 434, 5, 'Exceptional attention to detail', '2023-02-15'),
(53, 6, 239, 2, 'Great job seeker!', '2022-10-28'),
(54, 66, 482, 2, 'Quick learner', '2023-07-22'),
(55, 196, 438, 4, 'Excellent communication skills', '2022-08-04'),
(56, 186, 260, 1, 'Great team player', '2023-01-23'),
(57, 146, 153, 2, 'Very professional', '2023-06-23'),
(58, 64, 23, 2, 'Strong problem-solving abilities', '2023-02-28'),
(59, 179, 69, 1, 'Outstanding work ethic', '2023-06-05'),
(60, 167, 471, 5, 'Great job seeker!', '2023-09-23'),
(61, 177, 30, 2, 'Impressive resume', '2023-08-08'),
(62, 18, 477, 5, 'Impressive resume', '2022-06-25'),
(63, 28, 126, 2, 'Outstanding work ethic', '2022-11-11'),
(64, 21, 386, 2, 'Quick learner', '2023-05-03'),
(65, 61, 217, 4, 'Exceptional attention to detail', '2023-09-16'),
(66, 116, 191, 4, 'Strong problem-solving abilities', '2023-04-13'),
(67, 117, 60, 1, 'Quick learner', '2023-09-07'),
(68, 50, 427, 5, 'Great job seeker!', '2022-09-20'),
(69, 12, 409, 4, 'Great team player', '2022-07-09'),
(70, 48, 228, 5, 'Excellent communication skills', '2023-11-05'),
(71, 35, 211, 5, 'Great team player', '2022-07-14'),
(72, 43, 182, 4, 'Strong problem-solving abilities', '2022-08-21'),
(73, 55, 41, 1, 'Great team player', '2023-09-27'),
(74, 164, 180, 4, 'Impressive resume', '2023-06-23'),
(75, 3, 93, 1, 'Highly recommended', '2023-02-12'),
(76, 1, 143, 1, 'Quick learner', '2023-02-25'),
(77, 41, 70, 3, 'Strong problem-solving abilities', '2022-08-28'),
(78, 197, 245, 3, 'Very professional', '2022-12-13'),
(79, 75, 477, 5, 'Outstanding work ethic', '2023-04-02'),
(80, 22, 304, 3, 'Quick learner', '2022-08-07'),
(81, 80, 499, 3, 'Strong problem-solving abilities', '2023-10-18'),
(82, 172, 406, 2, 'Exceptional attention to detail', '2022-10-31'),
(83, 141, 418, 4, 'Highly recommended', '2023-07-24'),
(84, 125, 368, 4, 'Outstanding work ethic', '2022-10-19'),
(85, 172, 354, 4, 'Exceptional attention to detail', '2023-01-30'),
(86, 193, 329, 5, 'Very professional', '2023-01-25'),
(87, 62, 401, 3, 'Strong problem-solving abilities', '2022-11-20'),
(88, 20, 471, 1, 'Very professional', '2022-08-21'),
(89, 164, 295, 4, 'Exceptional attention to detail', '2022-06-20'),
(90, 124, 489, 2, 'Quick learner', '2022-09-17'),
(91, 56, 488, 5, 'Great team player', '2023-02-15'),
(92, 116, 440, 3, 'Great job seeker!', '2022-09-24'),
(93, 158, 355, 5, 'Impressive resume', '2023-05-30'),
(94, 30, 343, 1, 'Great team player', '2022-12-14'),
(95, 159, 271, 2, 'Exceptional attention to detail', '2023-02-03'),
(96, 148, 158, 5, 'Excellent communication skills', '2023-01-12'),
(97, 84, 106, 2, 'Highly recommended', '2023-05-25'),
(98, 155, 200, 4, 'Great team player', '2022-11-05'),
(99, 95, 248, 2, 'Quick learner', '2023-08-07'),
(100, 125, 286, 3, 'Excellent communication skills', '2023-01-10');

--
-- Indexes for dumped tables
--

--
-- Indexes for table `candidate_profiles`
--
ALTER TABLE `candidate_profiles`
  ADD PRIMARY KEY (`candidate_id`),
  ADD KEY `fk_candidate_profiles_users` (`user_id`);

--
-- Indexes for table `certificates`
--
ALTER TABLE `certificates`
  ADD PRIMARY KEY (`certificate_id`);

--
-- Indexes for table `certificates_earned`
--
ALTER TABLE `certificates_earned`
  ADD PRIMARY KEY (`certificate_earned_id`),
  ADD KEY `user_id` (`user_id`),
  ADD KEY `certificate_id` (`certificate_id`);

--
-- Indexes for table `courses`
--
ALTER TABLE `courses`
  ADD PRIMARY KEY (`course_id`),
  ADD KEY `instructor_id` (`instructor_id`);

--
-- Indexes for table `course_completion`
--
ALTER TABLE `course_completion`
  ADD PRIMARY KEY (`course_completion_id`),
  ADD KEY `user_id` (`user_id`),
  ADD KEY `course_id` (`course_id`);

--
-- Indexes for table `enrollments`
--
ALTER TABLE `enrollments`
  ADD PRIMARY KEY (`enrollment_id`),
  ADD KEY `user_id` (`user_id`),
  ADD KEY `course_id` (`course_id`);

--
-- Indexes for table `instructors`
--
ALTER TABLE `instructors`
  ADD PRIMARY KEY (`instructor_id`);

--
-- Indexes for table `job_application`
--
ALTER TABLE `job_application`
  ADD PRIMARY KEY (`application_id`),
  ADD KEY `user_id` (`user_id`),
  ADD KEY `job_id` (`job_id`);

--
-- Indexes for table `job_listings`
--
ALTER TABLE `job_listings`
  ADD PRIMARY KEY (`job_id`),
  ADD KEY `job_Search` (`job_id`,`job_title`,`company_name`);

--
-- Indexes for table `users`
--
ALTER TABLE `users`
  ADD PRIMARY KEY (`user_id`);

--
-- Indexes for table `user_reviews`
--
ALTER TABLE `user_reviews`
  ADD PRIMARY KEY (`review_id`),
  ADD KEY `course_id` (`course_id`),
  ADD KEY `user_id` (`user_id`);

--
-- AUTO_INCREMENT for dumped tables
--

--
-- AUTO_INCREMENT for table `enrollments`
--
ALTER TABLE `enrollments`
  MODIFY `enrollment_id` int(11) NOT NULL AUTO_INCREMENT, AUTO_INCREMENT=103;

--
-- AUTO_INCREMENT for table `job_application`
--
ALTER TABLE `job_application`
  MODIFY `application_id` int(11) NOT NULL AUTO_INCREMENT, AUTO_INCREMENT=108;

--
-- Constraints for dumped tables
--

--
-- Constraints for table `candidate_profiles`
--
ALTER TABLE `candidate_profiles`
  ADD CONSTRAINT `fk_candidate_profiles_users` FOREIGN KEY (`user_id`) REFERENCES `users` (`user_id`);

--
-- Constraints for table `certificates_earned`
--
ALTER TABLE `certificates_earned`
  ADD CONSTRAINT `certificates_earned_ibfk_1` FOREIGN KEY (`user_id`) REFERENCES `users` (`user_id`),
  ADD CONSTRAINT `certificates_earned_ibfk_2` FOREIGN KEY (`certificate_id`) REFERENCES `certificates` (`certificate_id`);

--
-- Constraints for table `courses`
--
ALTER TABLE `courses`
  ADD CONSTRAINT `courses_ibfk_1` FOREIGN KEY (`instructor_id`) REFERENCES `instructors` (`instructor_id`);

--
-- Constraints for table `course_completion`
--
ALTER TABLE `course_completion`
  ADD CONSTRAINT `course_completion_ibfk_1` FOREIGN KEY (`user_id`) REFERENCES `users` (`user_id`),
  ADD CONSTRAINT `course_completion_ibfk_2` FOREIGN KEY (`course_id`) REFERENCES `courses` (`course_id`);

--
-- Constraints for table `enrollments`
--
ALTER TABLE `enrollments`
  ADD CONSTRAINT `enrollments_ibfk_1` FOREIGN KEY (`user_id`) REFERENCES `users` (`user_id`),
  ADD CONSTRAINT `enrollments_ibfk_2` FOREIGN KEY (`course_id`) REFERENCES `courses` (`course_id`);

--
-- Constraints for table `job_application`
--
ALTER TABLE `job_application`
  ADD CONSTRAINT `job_application_ibfk_1` FOREIGN KEY (`user_id`) REFERENCES `users` (`user_id`),
  ADD CONSTRAINT `job_application_ibfk_2` FOREIGN KEY (`job_id`) REFERENCES `job_listings` (`job_id`);

--
-- Constraints for table `user_reviews`
--
ALTER TABLE `user_reviews`
  ADD CONSTRAINT `user_reviews_ibfk_1` FOREIGN KEY (`course_id`) REFERENCES `courses` (`course_id`),
  ADD CONSTRAINT `user_reviews_ibfk_2` FOREIGN KEY (`user_id`) REFERENCES `users` (`user_id`);
COMMIT;

/*!40101 SET CHARACTER_SET_CLIENT=@OLD_CHARACTER_SET_CLIENT */;
/*!40101 SET CHARACTER_SET_RESULTS=@OLD_CHARACTER_SET_RESULTS */;
/*!40101 SET COLLATION_CONNECTION=@OLD_COLLATION_CONNECTION */;
